frame,recipe_id,length,dz,tortuosity,bottleneck_radius,bottleneck_free_radius,bottleneck_bradius,n_layers,charge,ionizable,num_positives,num_negatives,hydrophobicity,hydropathy,polarity,logp,logd,logs,mutability
0,0,162.692,86.179,1.8878381044105874,0.349,0.41,0.349,144,-3,9,3,6,0.22,0.06,10.69,0.98,0.47,-0.2,78
1,0,181.193,86.928,2.084403184244432,0.632,0.865,0.632,144,-1,11,5,6,0.2,-0.27,10.04,1.05,0.59,-0.29,77
2,0,180.389,93.018,1.9392913199595778,0.303,0.395,0.303,129,1,13,7,6,0.18,0.4,10.56,0.93,0.44,-0.14,77
3,0,184.363,83.65,2.2039808726838013,0.008,-0.162,0.008,154,1,13,7,6,0.31,-0.3,9.48,1.19,0.76,-0.42,73
4,0,139.483,79.06,1.7642676448267138,0.541,0.559,0.541,126,1,7,4,3,0.39,-0.06,8.38,1.18,0.82,-0.41,74
5,0,164.086,75.958,2.160220121646173,0.347,0.397,0.347,144,1,7,4,3,0.32,-0.04,7.07,1.2,0.91,-0.54,71
6,0,172.775,80.78999999999999,2.1385691298428027,0.237,0.498,0.237,144,-1,5,2,3,0.2,0.14,5.74,0.95,0.74,-0.4,75
7,0,162.354,76.74100000000001,2.1156096480369033,0.041,0.931,0.041,164,1,9,5,4,0.3,-0.16,8.89,1.04,0.67,-0.42,72
8,0,168.855,86.09,1.9613776280636541,0.214,0.214,0.214,132,1,7,4,3,0.29,-0.08,6.92,1.18,0.89,-0.57,71
9,0,176.147,74.804,2.3547804930217633,0.127,0.125,0.127,150,2,8,5,3,0.07,-0.53,9.27,0.77,0.39,-0.19,77
10,0,141.877,65.466,2.167186020224239,0.154,0.283,0.154,112,4,8,6,2,0.2,-0.4,9.05,1.03,0.65,-0.43,72
11,0,149.657,71.34299999999999,2.0977110578473015,0.265,0.314,0.265,130,0,8,4,4,0.13,-0.21,8.42,0.9,0.53,-0.29,75
12,0,145.223,69.658,2.0848000229693646,0.255,0.641,0.255,135,2,8,5,3,0.01,-0.53,7.7,0.72,0.41,-0.17,78
13,0,153.154,73.648,2.0795405170540953,0.546,0.688,0.546,145,2,8,5,3,0.16,-0.48,10.28,0.93,0.49,-0.28,72
14,0,172.967,78.367,2.2071407607794096,0.101,0.408,0.101,144,1,7,4,3,0.05,-0.09,7.49,0.77,0.46,-0.23,79
15,0,180.6,82.48,2.1896217264791464,0.171,0.487,0.171,159,2,8,5,3,0.13,0.31,6.6,0.81,0.55,-0.33,77
16,0,172.672,84.446,2.0447623333254388,0.29,0.546,0.29,148,-1,7,3,4,0.16,-0.11,6.63,0.89,0.63,-0.36,74
17,0,190.953,85.243,2.240101826542942,0.107,0.018,0.107,171,5,7,6,1,0.29,0.18,6.11,0.96,0.74,-0.41,72
18,0,177.111,84.261,2.1019332787410545,0.274,0.496,0.274,140,-1,9,4,5,0.1,0.26,6.23,0.76,0.51,-0.26,78
19,0,175.886,92.486,1.9017581039292433,0.396,0.511,0.396,144,1,11,6,5,0.35,-0.07,8.67,1.21,0.83,-0.49,75
20,0,187.405,86.50299999999999,2.166456654682497,0.462,0.455,0.462,159,-3,21,9,12,-0.09,-0.66,13.79,0.89,0.23,0.08,79
21,0,147.789,83.02799999999999,1.7799898829310594,0.138,0.503,0.138,122,-1,9,4,5,0.25,-0.45,8.11,1.11,0.77,-0.4,73
22,0,197.019,87.96000000000001,2.2398703956343793,0.298,0.293,0.298,165,3,9,6,3,0.12,-0.21,6.88,0.79,0.52,-0.27,78
23,0,153.076,85.412,1.7922071840022478,0.049,0.115,0.049,130,1,9,5,4,0.22,0.34,9.27,1.02,0.6,-0.25,77
24,0,167.149,86.293,1.9369937306618148,0.293,0.264,0.293,136,0,8,4,4,0.22,0.4,10.56,0.91,0.44,-0.15,79
25,0,185.868,87.63000000000001,2.121054433413214,0.202,0.148,0.202,145,0,14,7,7,0.18,-0.33,10.44,1.02,0.54,-0.24,75
26,0,173.68,87.705,1.980274784789921,0.429,0.643,0.429,165,0,10,5,5,0.19,-0.05,9.08,0.95,0.55,-0.25,76
27,0,190.022,87.073,2.1823297692740575,0.462,0.406,0.462,154,0,8,4,4,0.16,0.1,8.66,0.92,0.55,-0.26,75
28,0,157.262,84.429,1.8626538274763411,0.031,0.005,0.031,140,-1,9,4,5,0.43,0.39,6.89,1.34,1.04,-0.64,73
29,0,163.911,79.971,2.0496304910530068,0.166,0.171,0.166,148,-1,15,7,8,0.0,-0.54,10.69,0.84,0.34,-0.03,78
30,0,176.129,86.065,2.046464881194446,0.321,0.323,0.321,159,-4,16,6,10,-0.14,-0.85,14.8,0.64,-0.07,0.24,80
31,0,157.623,87.63000000000001,1.7987333105100989,0.339,0.438,0.339,137,0,10,5,5,0.08,-0.29,9.37,0.85,0.43,-0.17,77
32,0,187.128,89.06799999999998,2.1009565725063997,0.539,0.73,0.539,173,-8,22,7,15,-0.15,-0.92,12.4,0.65,0.06,0.17,78
33,0,174.562,88.99600000000001,1.9614589419749202,0.188,0.171,0.188,140,2,12,7,5,0.17,-0.48,9.73,0.98,0.54,-0.23,73
34,0,174.894,87.637,1.9956639319009095,0.532,0.436,0.532,144,-7,17,5,12,-0.05,-0.39,12.44,0.81,0.21,0.12,81
35,0,198.443,93.338,2.126068696565172,0.173,0.181,0.173,173,1,15,8,7,-0.01,-0.34,11.62,0.71,0.18,0.06,78
36,0,180.778,93.96700000000001,1.9238456053720983,0.11,0.109,0.11,161,-1,15,7,8,0.07,-0.18,12.0,0.85,0.29,-0.05,79
37,0,170.963,93.30099999999999,1.8323812177790164,0.22,0.639,0.22,148,-4,12,4,8,-0.18,-0.5,10.44,0.58,0.1,0.15,82
38,0,170.526,91.299,1.867775112542306,0.475,0.573,0.475,154,-1,5,2,3,0.09,0.01,4.63,0.84,0.67,-0.37,79
39,0,177.498,84.814,2.0927912844577548,0.575,0.46,0.575,150,3,15,9,6,-0.01,-0.28,14.2,0.77,0.1,0.1,80
40,0,171.217,91.529,1.8706311660785109,0.349,0.307,0.349,143,-1,11,5,6,0.22,-0.2,10.88,0.97,0.48,-0.2,76
41,0,184.519,88.017,2.096401831464376,0.059,0.387,0.059,152,-1,15,7,8,-0.01,-0.64,11.24,0.8,0.27,0.04,79
42,0,162.217,87.98599999999999,1.8436683108676384,0.018,0.043,0.018,148,-3,11,4,7,0.0,0.12,7.43,0.72,0.39,-0.05,80
43,0,178.71,89.71799999999999,1.9919079783321076,0.01,0.246,0.01,157,-1,9,4,5,0.11,-0.01,6.4,0.81,0.56,-0.27,78
44,0,158.706,88.024,1.8029855493956193,0.291,0.458,0.291,140,0,6,3,3,0.09,0.02,5.99,0.8,0.57,-0.27,79
45,0,201.635,93.15,2.164626945786366,-0.011,-0.011,-0.011,180,1,9,5,4,0.12,0.17,6.14,0.8,0.55,-0.27,78
46,0,186.087,85.986,2.1641546298234595,0.238,0.283,0.238,162,-4,10,3,7,0.21,0.64,10.08,1.0,0.51,-0.2,82
47,0,182.485,88.281,2.067092579377216,0.323,0.588,0.323,152,-4,10,3,7,-0.03,-0.48,8.66,0.74,0.37,-0.09,76
48,0,182.99,95.41400000000002,1.91785272601505,0.049,-0.02,0.049,155,-4,12,4,8,-0.15,-1.11,12.39,0.61,0.04,0.2,79
49,0,163.114,90.90100000000001,1.7944137028195508,0.256,0.128,0.256,112,-2,14,6,8,0.06,-0.16,11.54,0.74,0.2,-0.03,82
50,0,189.97,88.974,2.1351181243958908,0.18,0.537,0.18,154,2,10,6,4,0.0,-0.12,8.37,0.73,0.36,-0.06,79
51,0,186.921,91.32300000000001,2.046811865576032,0.338,0.333,0.338,163,-1,5,2,3,0.03,-0.13,6.54,0.7,0.43,-0.21,79
52,0,179.217,91.726,1.953829884656477,0.203,0.36,0.203,145,-1,9,4,5,0.03,-0.44,9.31,0.74,0.33,-0.11,78
53,0,177.084,86.802,2.0400912421372777,0.519,0.487,0.519,161,0,14,7,7,-0.09,-0.34,11.71,0.61,0.07,0.08,81
54,0,170.126,83.839,2.0291988215508296,0.208,0.199,0.208,149,2,6,4,2,0.11,0.0,5.65,0.82,0.61,-0.27,78
55,0,186.849,86.291,2.165335898297621,0.017,0.5,0.017,159,3,9,6,3,0.45,0.83,7.93,1.14,0.79,-0.48,78
56,0,166.264,87.303,1.904447728027674,0.01,0.135,0.01,122,0,6,3,3,0.18,0.38,5.95,0.86,0.62,-0.32,82
57,0,170.35,89.998,1.8928198404408985,0.283,0.311,0.283,163,-4,12,4,8,-0.01,-0.09,10.69,0.69,0.19,0.06,83
58,0,178.182,90.399,1.9710616267879069,0.385,0.332,0.385,162,-6,12,3,9,0.11,0.18,9.84,0.85,0.4,-0.11,79
59,0,187.94,95.89200000000001,1.959913235723522,0.049,0.373,0.049,144,2,8,5,3,0.27,0.59,6.58,0.98,0.69,-0.37,82
60,0,180.704,92.38999999999999,1.9558826712847714,0.319,0.282,0.319,159,0,10,5,5,0.16,-0.23,7.71,0.94,0.62,-0.27,78
61,0,216.057,97.38600000000001,2.218563243176637,0.273,0.275,0.273,166,-2,10,4,6,0.06,-0.28,9.08,0.78,0.39,-0.16,80
62,0,195.254,90.92299999999999,2.1474654377880187,0.12,0.928,0.12,168,-2,12,5,7,0.04,-0.46,10.11,0.78,0.32,-0.02,80
63,0,175.402,86.519,2.027323478079959,0.29,0.267,0.29,145,1,9,5,4,0.2,0.31,9.58,0.92,0.48,-0.21,78
64,0,195.545,88.76499999999999,2.2029516138117504,0.252,0.317,0.252,157,-1,11,5,6,0.04,-0.38,11.06,0.74,0.25,-0.06,79
65,0,198.202,92.149,2.1508860649600106,0.103,-0.027,0.103,170,1,11,6,5,0.09,-0.2,8.2,0.8,0.45,-0.16,80
66,0,192.805,95.17199999999998,2.025858445761359,0.303,0.251,0.303,162,2,10,6,4,-0.06,-0.23,6.68,0.61,0.35,-0.09,80
67,0,200.238,94.929,2.109344878804159,0.386,0.475,0.386,161,1,9,5,4,0.09,-0.2,7.78,0.81,0.48,-0.22,81
68,0,171.671,95.37899999999999,1.7998825737321633,0.519,0.864,0.519,158,-1,7,3,4,0.12,-0.07,7.01,0.88,0.58,-0.21,78
69,0,166.005,84.78200000000001,1.9580217498997425,-0.036,0.297,-0.036,131,-1,7,3,4,0.01,-0.1,7.73,0.7,0.36,-0.1,81
70,0,182.092,93.317,1.95132719654511,0.269,0.293,0.269,152,0,12,6,6,0.07,-0.43,10.49,0.8,0.33,-0.09,78
71,0,152.687,81.49000000000001,1.8736900233157443,0.176,0.27,0.176,131,-2,10,4,6,0.31,0.52,8.46,1.06,0.66,-0.31,81
72,0,194.353,86.465,2.2477649916151043,0.233,0.192,0.233,145,6,10,8,2,0.09,-0.11,7.77,0.82,0.5,-0.21,78
73,0,164.93,81.54299999999999,2.0226138356449974,0.282,0.711,0.282,144,0,12,6,6,-0.07,-0.82,10.86,0.72,0.21,0.08,83
74,0,163.564,87.701,1.8650186428889066,0.287,0.629,0.287,131,2,12,7,5,0.14,-0.27,13.9,0.93,0.25,0.0,81
75,0,183.066,83.708,2.1869594304009174,0.613,0.545,0.613,169,1,17,9,8,0.18,-0.02,11.8,0.94,0.38,-0.09,75
76,0,200.094,87.13300000000001,2.2964204147682277,0.497,0.521,0.497,175,-1,13,6,7,-0.03,-0.56,10.9,0.8,0.29,-0.01,81
77,0,165.556,85.727,1.93120020530288,-0.049,-0.039,-0.049,142,3,11,7,4,-0.05,-0.52,10.2,0.65,0.2,0.05,79
78,0,161.898,83.74000000000001,1.9333412944829231,0.302,0.313,0.302,123,4,10,7,3,0.16,-0.06,9.42,0.84,0.42,-0.19,80
79,0,154.028,78.688,1.9574522163481087,0.312,0.382,0.312,132,4,10,7,3,0.21,0.4,10.86,0.99,0.49,-0.2,77
80,0,180.311,83.68,2.1547681644359464,0.316,0.493,0.316,151,2,10,6,4,0.4,0.23,8.03,1.15,0.81,-0.47,74
81,0,181.092,84.27799999999999,2.1487458174137974,0.127,0.301,0.127,162,2,8,5,3,-0.04,-0.42,8.32,0.68,0.33,-0.08,78
82,0,159.491,82.658,1.9295289022236204,0.517,0.531,0.517,139,1,7,4,3,0.15,0.31,6.23,0.82,0.57,-0.28,79
83,0,180.676,87.798,2.05786008792911,0.254,0.505,0.254,145,1,7,4,3,0.07,0.09,6.66,0.74,0.47,-0.23,79
84,0,188.464,84.47,2.2311353143127737,0.276,0.266,0.276,164,-1,11,5,6,0.12,0.12,8.35,0.78,0.42,-0.16,79
85,0,158.691,78.609,2.0187383124069767,0.243,0.31,0.243,130,0,8,4,4,0.16,0.23,7.09,0.91,0.6,-0.25,80
86,0,213.512,91.10499999999999,2.3435815816914554,0.139,0.14,0.139,171,4,12,8,4,0.06,-0.34,10.25,0.8,0.37,-0.13,77
87,0,172.885,80.715,2.141919098061079,0.353,0.546,0.353,144,1,9,5,4,-0.01,-0.17,8.28,0.67,0.31,-0.08,79
88,0,180.148,85.46900000000001,2.10775836853128,0.187,0.216,0.187,163,1,9,5,4,0.13,-0.3,7.88,0.85,0.52,-0.24,78
89,0,220.806,90.02099999999999,2.4528276735428407,0.027,0.075,0.027,199,-4,14,5,9,-0.04,-0.54,9.71,0.74,0.31,-0.01,76
90,0,177.937,79.99199999999999,2.22443494349435,0.163,0.203,0.163,152,-1,13,6,7,-0.08,-0.68,10.37,0.74,0.26,-0.03,79
91,0,219.369,86.36600000000001,2.5399925896764928,0.143,0.365,0.143,188,5,15,10,5,-0.15,-1.0,12.92,0.6,0.0,0.19,79
92,0,187.861,85.017,2.209687474269852,0.243,0.186,0.243,168,-2,12,5,7,0.06,-0.29,9.33,0.75,0.34,-0.1,79
93,0,169.423,79.226,2.1384772675636787,-0.019,0.034,-0.019,151,-1,7,3,4,0.08,-0.05,8.33,0.73,0.37,-0.18,78
94,0,187.468,82.774,2.2648174547563245,0.021,0.021,0.021,163,-2,14,6,8,0.1,0.1,10.07,0.93,0.45,-0.09,80
95,0,162.675,71.483,2.2757159044807858,0.093,0.093,0.093,130,4,10,7,3,0.32,0.66,8.88,1.05,0.65,-0.33,79
96,0,173.354,80.706,2.1479691720566008,0.224,0.189,0.224,144,1,11,6,5,0.19,0.09,9.26,0.98,0.56,-0.24,78
97,0,168.958,77.06700000000001,2.1923521092036795,0.194,0.188,0.194,138,2,8,5,3,0.4,0.83,8.2,1.28,0.89,-0.46,76
98,0,147.748,72.807,2.0293103685085225,0.103,0.15,0.103,122,-1,9,4,5,0.26,0.54,10.28,0.97,0.48,-0.19,81
99,0,177.967,83.322,2.1358944816495042,0.07,0.328,0.07,121,-1,13,6,7,-0.07,-0.53,12.1,0.69,0.13,0.07,79
100,0,188.625,88.057,2.1420784264737613,0.45,0.455,0.45,149,3,9,6,3,0.27,0.24,7.12,1.08,0.79,-0.43,75
101,0,186.168,87.10499999999999,2.1372825899776133,0.19,0.347,0.19,147,-3,13,5,8,0.09,0.04,11.14,0.93,0.39,-0.09,82
102,0,172.575,87.93999999999998,1.9624175574255176,0.096,0.185,0.096,141,-2,12,5,7,0.16,0.44,9.06,0.84,0.42,-0.19,81
103,0,141.392,78.95400000000001,1.790814904881323,0.164,0.166,0.164,133,-1,9,4,5,0.19,0.26,10.7,1.03,0.51,-0.15,78
104,0,130.332,80.13999999999999,1.6263039680559024,0.144,0.172,0.144,116,0,10,5,5,0.37,0.54,10.29,1.15,0.65,-0.35,77
105,0,157.143,82.61,1.902227333252633,0.41,0.387,0.41,137,-2,12,5,7,-0.03,-0.56,9.24,0.84,0.42,-0.06,78
106,0,153.47,81.27,1.8883967023501909,0.166,0.384,0.166,128,2,6,4,2,0.15,0.2,8.04,0.88,0.52,-0.25,80
107,0,142.023,84.316,1.684413397219982,0.271,0.468,0.271,126,0,6,3,3,0.33,0.35,6.34,1.14,0.87,-0.54,80
108,0,181.7,89.951,2.019988660492935,-0.179,0.032,-0.179,144,0,12,6,6,-0.03,-0.73,9.54,0.74,0.32,-0.07,75
109,0,215.474,89.502,2.4074769278898795,0.356,0.275,0.356,186,1,21,11,10,-0.08,-0.94,15.29,0.76,0.02,0.23,76
110,0,171.494,87.512,1.9596626748331658,0.213,0.248,0.213,128,0,12,6,6,-0.03,-0.46,8.43,0.69,0.34,-0.07,79
111,0,212.253,94.078,2.2561385233529623,0.485,0.501,0.485,186,2,18,10,8,-0.06,-0.51,13.69,0.67,0.02,0.19,80
112,0,171.076,89.493,1.9116131987976714,0.204,0.303,0.204,150,-4,14,5,9,-0.19,-0.97,11.46,0.58,0.06,0.12,80
113,0,191.522,88.119,2.173447270168749,0.05,0.05,0.05,188,-4,18,7,11,-0.2,-0.79,13.02,0.59,-0.02,0.28,80
114,0,177.319,86.16999999999999,2.0577811303237787,0.043,0.369,0.043,157,-1,11,5,6,-0.08,-0.63,9.12,0.72,0.31,0.03,80
115,0,195.786,84.12,2.3274607703281025,0.249,0.403,0.249,187,1,13,7,6,0.01,-0.28,9.92,0.8,0.35,-0.12,80
116,0,233.132,89.20999999999998,2.61329447371371,0.164,0.358,0.164,190,1,21,11,10,0.06,-0.38,12.22,0.88,0.3,-0.05,78
117,0,183.1,94.195,1.9438399065767822,0.203,0.524,0.203,142,1,7,4,3,0.24,0.15,7.16,0.9,0.61,-0.41,77
118,0,162.833,94.203,1.7285330615797798,0.425,0.516,0.425,155,-3,11,4,7,-0.05,-0.68,10.09,0.73,0.27,-0.02,77
119,0,205.931,92.903,2.216623790405046,0.27,0.26,0.27,176,1,11,6,5,0.03,-0.09,8.25,0.71,0.36,-0.14,77
120,0,214.146,94.752,2.260068389057751,0.149,0.149,0.149,186,-3,29,13,16,-0.14,-1.08,18.16,0.61,-0.26,0.38,75
121,0,198.938,87.83699999999999,2.26485421860947,0.373,0.35,0.373,180,-2,20,9,11,-0.18,-1.0,12.23,0.68,0.1,0.16,79
122,0,212.276,87.009,2.439701640060224,0.301,0.356,0.301,176,5,21,13,8,0.04,-0.32,13.35,0.81,0.17,0.04,77
123,0,168.153,84.529,1.9892936152089815,0.087,0.133,0.087,148,-4,22,9,13,-0.11,-0.7,15.78,0.69,-0.09,0.31,78
124,0,170.59,89.255,1.9112654753235114,0.384,0.425,0.384,150,-2,12,5,7,0.03,-0.61,11.81,0.8,0.24,-0.04,79
125,0,210.177,90.01,2.3350405510498833,-0.018,-0.015,-0.018,189,-2,10,4,6,-0.04,-0.34,9.19,0.64,0.23,-0.05,82
126,0,150.778,76.14599999999999,1.9801171433824498,0.238,0.418,0.238,134,-1,9,4,5,0.16,0.39,7.93,0.94,0.58,-0.22,77
127,0,181.152,84.773,2.136906798155073,0.134,0.233,0.134,159,-1,9,4,5,-0.03,-0.58,7.91,0.69,0.36,-0.14,78
128,0,187.579,83.655,2.2422927499850576,0.097,0.559,0.097,143,-2,14,6,8,0.36,0.59,10.77,1.16,0.64,-0.36,79
129,0,216.342,91.10199999999999,2.3747228381374725,0.001,0.001,0.001,176,-1,13,6,7,-0.04,-0.27,10.09,0.65,0.2,0.03,84
130,0,186.506,92.143,2.0240929859023473,0.25,0.223,0.25,156,1,13,7,6,0.05,-0.31,10.73,0.76,0.27,-0.03,81
131,0,190.878,93.396,2.04374919696775,0.436,0.446,0.436,152,1,9,5,4,0.2,0.05,7.98,0.89,0.55,-0.3,78
132,0,184.736,93.696,1.9716530054644807,-0.001,-0.001,-0.001,147,-5,15,5,10,-0.04,-0.45,10.72,0.82,0.31,0.06,79
133,0,189.762,96.31599999999999,1.970202250924042,0.238,0.112,0.238,138,2,12,7,5,0.01,-0.18,13.04,0.8,0.16,0.07,80
134,0,169.795,83.04,2.0447374759152215,0.066,0.123,0.066,139,-3,15,6,9,-0.1,-0.64,11.72,0.68,0.13,0.15,78
135,0,157.894,82.386,1.916514941859054,0.236,0.347,0.236,134,1,17,9,8,-0.04,-0.76,11.87,0.82,0.27,0.01,78
136,0,161.618,80.774,2.000866615495085,0.151,0.156,0.151,135,-4,12,4,8,-0.09,-0.62,9.85,0.66,0.21,0.1,81
137,0,172.134,86.366,1.9930759789732069,0.294,0.429,0.294,152,0,12,6,6,0.02,-0.31,11.06,0.76,0.24,0.02,82
138,0,138.169,78.91900000000001,1.7507697766063939,0.198,0.237,0.198,120,-1,11,5,6,-0.07,-0.58,12.17,0.67,0.09,0.16,80
139,0,145.216,76.27000000000001,1.9039727284646648,0.275,0.318,0.275,113,0,12,6,6,-0.01,-0.79,11.27,0.83,0.3,-0.03,77
140,0,124.125,73.64500000000001,1.6854504718582386,-0.097,-0.081,-0.097,92,0,10,5,5,0.13,-0.38,9.45,1.0,0.56,-0.2,77
141,0,143.505,70.65599999999999,2.031037703804348,0.223,0.594,0.223,124,-8,16,4,12,-0.22,-1.14,14.71,0.66,-0.05,0.27,80
142,0,137.789,74.89,1.8398851649085324,0.275,0.273,0.275,127,-2,8,3,5,-0.08,-0.28,7.87,0.62,0.27,0.03,80
143,0,145.235,77.656,1.8702353971360874,0.26,0.301,0.26,124,-6,12,3,9,-0.12,-1.29,11.34,0.64,0.13,0.09,80
144,0,165.784,78.518,2.1114139432996253,0.312,0.475,0.312,130,0,10,5,5,0.14,-0.44,10.51,0.91,0.43,-0.22,78
145,0,133.618,72.913,1.832567580541193,0.476,0.509,0.476,121,-3,9,3,6,-0.12,-1.0,9.77,0.68,0.25,0.0,81
146,0,131.803,73.31,1.7978856909016505,0.697,0.705,0.697,119,-1,13,6,7,-0.08,-0.98,10.88,0.77,0.27,0.0,78
147,0,158.328,74.531,2.124324106747528,0.486,0.704,0.486,136,-1,13,6,7,0.07,-0.1,11.88,0.8,0.24,0.07,76
148,0,165.259,76.317,2.1654284104459034,0.216,0.215,0.216,148,1,15,8,7,-0.11,-0.93,12.82,0.65,0.04,0.2,78
149,0,147.44,80.36699999999999,1.8345838466037057,0.449,1.227,0.449,125,-3,9,3,6,-0.17,-0.87,11.46,0.65,0.1,0.19,82
150,0,159.364,79.371,2.0078366153884923,0.343,0.304,0.343,136,-3,15,6,9,-0.08,-1.38,13.58,0.78,0.14,0.07,79
151,0,158.23,77.636,2.0381008810345715,0.419,1.234,0.419,139,-4,12,4,8,-0.04,-0.66,10.18,0.77,0.29,-0.02,80
152,0,138.821,70.777,1.9613857609110303,0.096,0.072,0.096,98,-1,7,3,4,-0.07,-0.77,7.95,0.81,0.47,-0.16,74
153,0,139.91,72.56,1.928197353914002,0.511,0.613,0.511,116,-5,9,2,7,-0.12,-0.51,10.53,0.73,0.24,0.11,81
154,0,161.253,74.95400000000001,2.1513595004936357,-0.046,0.782,-0.046,145,-3,11,4,7,-0.12,-0.49,8.45,0.68,0.3,0.07,83
155,0,158.599,75.379,2.104021013810212,0.53,0.578,0.53,129,0,14,7,7,0.03,-1.01,13.78,0.93,0.26,0.03,77
156,0,192.392,74.52199999999999,2.58168057754757,0.321,0.378,0.321,152,-4,14,5,9,-0.09,-0.82,10.17,0.76,0.29,-0.02,81
157,0,154.449,75.35499999999999,2.049618472563201,0.61,0.839,0.61,131,-2,12,5,7,-0.13,-0.89,10.06,0.7,0.24,0.04,81
158,0,190.538,76.937,2.476545745220115,0.294,1.098,0.294,137,0,14,7,7,-0.03,-0.77,11.22,0.84,0.31,-0.08,76
159,0,165.328,74.01400000000001,2.2337395627854186,0.354,0.421,0.354,144,-3,11,4,7,0.05,-0.54,9.46,0.91,0.48,-0.2,76
160,0,150.791,75.245,2.0040002657983917,0.828,1.227,0.828,125,-2,10,4,6,-0.25,-1.17,12.07,0.59,0.03,0.14,77
161,0,151.828,74.631,2.0343824952097656,0.782,0.843,0.782,129,-1,15,7,8,0.11,-0.93,12.11,0.9,0.33,-0.09,78
162,0,158.303,76.744,2.0627410611904513,0.608,0.554,0.608,141,1,15,8,7,0.09,-0.76,11.0,0.89,0.38,-0.2,75
163,0,139.352,72.027,1.9347189248476266,0.231,0.398,0.231,110,0,10,5,5,-0.12,-0.76,9.29,0.69,0.27,-0.01,78
164,0,137.317,71.792,1.912706151103187,0.287,0.237,0.287,102,-1,9,4,5,-0.07,-0.61,9.66,0.81,0.36,-0.05,78
165,0,180.072,78.732,2.287151348879744,0.074,0.124,0.074,136,-1,15,7,8,0.02,-0.82,12.95,0.89,0.28,-0.03,76
166,0,168.123,75.444,2.228447590265627,0.276,0.834,0.276,153,-1,15,7,8,-0.05,-1.03,11.91,0.74,0.18,0.06,77
167,0,193.205,77.553,2.4912640387863787,0.397,0.268,0.397,155,0,10,5,5,0.08,-0.17,10.36,0.76,0.28,-0.12,80
168,0,162.386,73.965,2.195443790982221,0.813,1.467,0.813,131,-1,13,6,7,0.14,-0.55,11.63,0.99,0.44,-0.19,74
169,0,133.478,71.826,1.8583521287556042,0.373,0.235,0.373,123,-3,9,3,6,-0.01,-0.69,8.89,0.85,0.45,-0.12,77
170,0,166.145,77.014,2.1573350299945466,0.254,0.447,0.254,150,3,15,9,6,0.05,-0.6,11.76,0.84,0.29,-0.05,77
171,0,149.853,75.66,1.9806106264869154,0.051,0.239,0.051,127,4,10,7,3,0.34,0.06,7.85,1.19,0.84,-0.42,76
172,0,145.547,74.09700000000001,1.9642765564057922,-0.003,0.541,-0.003,119,1,11,6,5,-0.1,-0.72,10.12,0.71,0.24,0.05,77
173,0,141.888,71.73599999999999,1.9779190364670463,0.187,0.261,0.187,105,1,13,7,6,0.17,-0.58,11.07,1.1,0.58,-0.29,74
174,0,152.558,75.06299999999999,2.0323994511277195,0.206,0.205,0.206,141,-2,16,7,9,-0.03,-1.05,14.2,0.76,0.08,0.1,80
175,0,146.418,77.36,1.8926835573940022,0.312,0.341,0.312,121,-1,11,5,6,0.12,-0.43,11.24,0.89,0.36,-0.1,78
176,0,147.365,75.91,1.9413120800948493,0.377,0.708,0.377,116,0,12,6,6,-0.13,-0.73,11.3,0.71,0.18,0.05,77
177,0,151.511,75.682,2.0019423376760654,0.19,0.404,0.19,125,0,8,4,4,0.42,0.58,8.01,1.23,0.86,-0.45,77
178,0,156.787,78.471,1.9980247479960749,-0.031,-0.026,-0.031,124,1,9,5,4,0.06,-0.2,10.84,0.89,0.38,-0.07,80
179,0,185.131,80.161,2.3094896520751984,0.041,0.041,0.041,157,-2,12,5,7,0.12,-0.02,10.26,0.93,0.46,-0.2,75
180,0,196.352,83.576,2.3493825978749885,0.281,0.292,0.281,170,1,9,5,4,-0.06,-0.64,8.39,0.66,0.31,-0.12,76
181,0,195.284,84.781,2.303393449003904,0.002,-0.018,0.002,145,3,11,7,4,0.13,-0.32,8.72,0.97,0.58,-0.24,77
182,0,205.864,82.92500000000001,2.482532408803135,0.37,0.425,0.37,151,3,9,6,3,0.49,0.64,7.84,1.26,0.91,-0.57,76
183,0,200.658,85.078,2.358518065774936,0.234,0.205,0.234,146,-3,9,3,6,-0.07,-0.47,8.51,0.67,0.29,0.0,84
184,0,206.453,87.213,2.367227362893147,0.014,0.227,0.014,159,2,6,4,2,0.29,0.68,6.85,1.06,0.77,-0.39,77
185,0,172.966,85.06700000000001,2.0332914055979403,0.035,0.035,0.035,135,0,8,4,4,0.24,0.28,8.29,0.93,0.57,-0.28,76
186,0,190.678,86.24600000000001,2.2108619530181106,0.419,1.297,0.419,138,-2,12,5,7,-0.15,-0.93,10.95,0.57,0.07,0.14,82
187,0,196.467,83.364,2.3567367208867136,0.078,0.119,0.078,168,-3,9,3,6,-0.04,-0.42,6.8,0.76,0.47,-0.12,80
188,0,193.955,81.94200000000001,2.3669790827658588,0.179,0.179,0.179,174,3,15,9,6,0.21,-0.08,9.79,1.0,0.56,-0.25,74
189,0,195.545,90.089,2.170575763966744,0.282,0.281,0.282,146,2,14,8,6,0.12,-0.57,10.66,0.91,0.42,-0.13,78
190,0,183.093,82.44800000000001,2.220708810401707,-0.032,-0.034,-0.032,146,-1,15,7,8,-0.18,-0.93,10.78,0.65,0.16,0.09,82
191,0,200.717,81.852,2.452194204173386,0.512,0.503,0.512,153,1,15,8,7,0.16,0.0,10.03,1.05,0.58,-0.2,76
192,0,215.309,87.024,2.474133572347858,-0.006,0.088,-0.006,155,-3,9,3,6,0.05,-0.13,7.0,0.71,0.42,-0.13,80
193,0,173.275,78.355,2.2114096101078426,0.289,0.279,0.289,155,1,13,7,6,-0.18,-0.94,10.41,0.52,0.06,0.2,85
194,0,181.182,83.684,2.165073371253764,0.297,0.351,0.297,124,2,12,7,5,0.18,-0.7,11.6,1.09,0.55,-0.28,75
195,0,176.365,76.54599999999999,2.30403940114441,0.302,0.671,0.302,142,0,12,6,6,0.19,-0.23,10.22,1.0,0.53,-0.26,74
196,0,158.529,74.39800000000001,2.1308234092314304,0.502,0.488,0.502,124,-1,9,4,5,-0.06,-0.95,9.31,0.81,0.4,-0.07,79
197,0,159.999,72.343,2.2116721728432602,0.516,0.49,0.516,124,1,11,6,5,-0.05,-0.89,13.55,0.76,0.1,0.15,80
198,0,157.815,69.13300000000001,2.2827737838658813,0.83,0.991,0.83,124,1,13,7,6,0.05,-0.7,12.11,0.92,0.35,-0.09,78
199,0,150.689,73.964,2.037328970850684,1.06,1.201,1.06,128,2,10,6,4,0.07,-0.29,10.03,0.8,0.33,-0.12,76
200,0,148.306,71.566,2.0722969007629324,0.176,0.141,0.176,114,2,12,7,5,0.09,0.03,10.8,1.04,0.51,-0.16,81
201,0,136.233,73.105,1.8635250666849053,-0.051,-0.059,-0.051,133,4,12,8,4,0.04,-0.87,12.61,0.84,0.25,0.04,77
202,0,162.656,71.739,2.2673301830245753,0.035,0.471,0.035,135,-1,7,3,4,0.23,0.12,6.26,0.99,0.74,-0.34,77
203,0,165.509,71.12,2.3271794150731155,0.573,0.605,0.573,131,2,12,7,5,0.18,-0.39,12.79,1.09,0.47,-0.17,75
204,0,151.581,77.93299999999999,1.9450168734682356,0.132,0.136,0.132,122,2,12,7,5,0.04,-0.51,11.01,0.94,0.42,0.0,78
205,0,172.567,74.828,2.3061821777944087,-0.002,-0.002,-0.002,141,-3,13,5,8,0.04,0.06,11.91,0.84,0.29,-0.02,76
206,0,140.819,69.86,2.0157314629258516,0.432,0.44,0.432,114,2,14,8,6,-0.02,-1.11,14.23,0.9,0.21,0.04,76
207,0,156.812,72.904,2.1509382201250964,0.465,0.457,0.465,127,1,11,6,5,-0.01,-0.29,9.9,0.82,0.36,0.06,81
208,0,152.361,70.187,2.1707866129055238,0.363,0.647,0.363,133,-4,14,5,9,-0.04,-0.95,13.88,0.91,0.24,0.08,78
209,0,173.896,75.473,2.3040822545811084,-0.012,0.0,-0.012,149,-3,9,3,6,0.23,0.5,6.1,1.06,0.8,-0.31,78
210,0,148.187,69.305,2.138186278046317,0.19,0.26,0.19,123,2,14,8,6,0.13,-0.03,12.24,0.93,0.33,0.02,77
211,0,129.002,69.989,1.8431753561273914,0.401,0.401,0.401,106,-3,11,4,7,0.03,-0.24,9.92,0.95,0.5,-0.15,78
212,0,170.152,74.00800000000001,2.2991027996973297,0.098,0.098,0.098,162,-2,10,4,6,-0.12,-0.67,9.49,0.64,0.22,0.11,78
213,0,136.896,67.95400000000001,2.0145392471377694,0.062,0.482,0.062,113,-1,9,4,5,-0.05,-0.61,10.37,0.68,0.2,0.09,81
214,0,127.812,66.351,1.9263010354026315,0.402,0.554,0.402,103,-2,8,3,5,0.04,-0.5,9.56,0.82,0.38,-0.12,79
215,0,132.552,69.97,1.894411890810347,0.192,0.075,0.192,100,1,9,5,4,0.28,-0.03,10.22,1.22,0.74,-0.28,74
216,0,137.189,65.313,2.100485355136037,0.437,0.431,0.437,109,2,4,3,1,0.25,0.73,2.79,1.13,1.05,-0.58,78
217,0,134.743,68.70599999999999,1.9611533199429456,0.198,0.302,0.198,107,2,10,6,4,0.11,-0.1,10.52,1.05,0.55,-0.19,79
218,0,138.662,68.274,2.0309634707209185,0.535,0.812,0.535,112,2,10,6,4,0.38,0.5,9.51,1.2,0.76,-0.42,75
219,0,133.081,65.20599999999999,2.040931816090544,0.256,0.33,0.256,99,4,6,5,1,0.35,0.59,8.34,1.2,0.81,-0.42,75
220,0,130.111,62.9,2.068537360890302,0.617,0.657,0.617,102,-2,8,3,5,0.11,-0.24,9.44,0.87,0.43,-0.14,81
221,0,129.674,67.46600000000001,1.9220644472771469,-0.012,-0.013,-0.012,106,4,8,6,2,0.16,0.13,8.5,1.02,0.63,-0.23,80
222,0,120.855,64.23499999999999,1.8814509223943339,0.51,0.972,0.51,121,-1,9,4,5,0.03,-0.68,10.63,0.78,0.29,0.02,82
223,0,139.696,68.388,2.042697549277651,0.071,0.093,0.071,132,2,10,6,4,0.03,-0.23,9.79,0.77,0.31,0.06,82
224,0,105.9,62.031000000000006,1.7072109106736952,1.075,1.14,1.075,96,-2,10,4,6,-0.04,-0.46,11.23,0.79,0.26,0.05,80
225,0,118.259,62.285999999999994,1.8986449603442188,0.597,0.896,0.597,119,-1,9,4,5,-0.02,-0.79,11.01,0.75,0.24,0.03,80
226,0,109.621,61.672,1.7774841094824232,0.325,0.333,0.325,90,3,7,5,2,0.13,-0.43,9.26,1.09,0.66,-0.2,76
227,0,126.555,65.28699999999999,1.9384410372662249,0.337,0.748,0.337,99,0,8,4,4,0.2,-0.28,10.49,1.14,0.66,-0.32,74
228,0,116.585,62.330999999999996,1.8704176092153182,0.635,1.492,0.635,103,0,8,4,4,-0.08,-0.56,10.81,0.73,0.22,0.06,82
229,0,109.045,62.699,1.739182443101166,0.561,0.757,0.561,109,0,10,5,5,0.04,-0.7,12.98,0.88,0.26,0.0,80
230,0,114.555,63.76500000000001,1.7965184662432367,0.491,0.408,0.491,85,0,8,4,4,0.05,-0.14,11.35,0.89,0.34,-0.02,82
231,0,133.042,62.398,2.1321516715279336,0.456,0.683,0.456,118,2,12,7,5,0.04,-0.38,10.6,0.84,0.33,-0.02,82
232,0,124.777,64.791,1.9258384652189349,0.122,0.228,0.122,96,-3,7,2,5,0.26,0.58,9.41,1.09,0.64,-0.32,78
233,0,133.687,62.665,2.133359929785367,0.126,0.081,0.126,122,0,10,5,5,0.4,0.2,8.47,1.17,0.78,-0.44,77
234,0,131.57,64.344,2.0447905010568195,0.227,0.632,0.227,128,-1,11,5,6,0.12,-0.53,9.99,0.86,0.39,-0.13,77
235,0,123.418,64.738,1.906422811949705,0.366,0.38,0.366,87,0,6,3,3,0.11,0.11,6.84,0.91,0.6,-0.25,82
236,0,157.097,64.459,2.4371616066026465,0.33,0.315,0.33,131,3,9,6,3,0.26,0.37,7.69,0.99,0.64,-0.24,82
237,0,138.543,72.012,1.9238876853857692,0.177,0.503,0.177,122,2,12,7,5,0.06,-0.47,11.5,0.88,0.33,-0.01,82
238,0,110.437,61.885000000000005,1.7845519915973174,0.446,0.551,0.446,101,-2,10,4,6,-0.2,-0.84,11.77,0.65,0.1,0.19,79
239,0,121.515,63.614,1.9101927248718837,0.177,0.266,0.177,94,-3,9,3,6,0.3,0.45,10.58,1.05,0.53,-0.26,81
240,0,125.767,60.673,2.0728660194814825,0.206,0.214,0.206,115,-1,7,3,4,0.25,0.09,9.67,0.93,0.48,-0.25,84
241,0,138.945,64.569,2.1518840310365652,0.273,0.399,0.273,105,1,7,4,3,0.23,0.22,8.21,1.06,0.68,-0.31,79
242,0,137.931,65.068,2.119797750046106,0.497,0.725,0.497,102,-2,8,3,5,-0.16,-1.27,9.95,0.59,0.15,0.07,81
243,0,133.112,63.986000000000004,2.0803300722032945,0.147,0.265,0.147,125,-1,11,5,6,0.2,-0.77,12.01,0.98,0.42,-0.17,78
244,0,120.895,62.10600000000001,1.9465913116285058,0.459,0.481,0.459,102,0,10,5,5,0.1,-0.5,14.57,0.92,0.2,0.09,77
245,0,145.918,68.58800000000001,2.1274566979646585,0.643,0.621,0.643,131,-2,12,5,7,0.12,-0.27,9.86,0.91,0.45,-0.15,78
246,0,146.122,66.782,2.1880446826989313,0.123,0.075,0.123,129,6,10,8,2,0.32,0.28,8.75,1.15,0.75,-0.33,75
247,0,103.345,60.706,1.7023852666952195,0.495,0.527,0.495,96,-3,7,2,5,0.27,0.52,7.25,1.15,0.83,-0.47,78
248,0,141.736,68.578,2.066785266411969,0.049,0.049,0.049,121,3,9,6,3,0.3,0.35,9.28,1.08,0.65,-0.28,80
249,0,136.02,66.601,2.042311677001847,0.322,0.432,0.322,140,0,10,5,5,-0.01,-0.56,10.26,0.76,0.3,0.01,80
250,0,141.898,69.65100000000001,2.037271539532813,0.832,1.342,0.832,137,-2,12,5,7,0.1,-0.42,9.48,0.91,0.48,-0.16,80
251,0,134.102,64.185,2.0893043545999843,-0.003,-0.014,-0.003,115,1,7,4,3,0.24,0.25,8.01,1.04,0.67,-0.29,79
252,0,150.784,71.441,2.1106087540767904,0.346,0.424,0.346,129,1,11,6,5,0.03,-0.65,10.68,0.77,0.27,0.01,81
253,0,136.726,71.203,1.9202280802775162,-0.031,-0.03,-0.031,110,6,8,7,1,0.26,0.21,8.5,1.11,0.72,-0.34,76
254,0,142.445,73.937,1.9265726226381918,0.301,0.414,0.301,121,-2,8,3,5,0.28,0.38,10.17,1.19,0.7,-0.3,74
255,0,129.125,66.08600000000001,1.9538934116151678,0.21,0.26,0.21,106,-3,7,2,5,0.22,0.52,8.62,1.05,0.64,-0.33,81
256,0,119.03,65.174,1.8263417927394359,0.01,0.332,0.01,103,-2,6,2,4,0.07,-0.02,9.22,0.92,0.48,-0.12,79
257,0,160.232,66.81099999999999,2.398287707114098,0.276,0.332,0.276,133,-4,12,4,8,0.03,-0.32,10.68,0.78,0.28,-0.02,81
258,0,151.428,71.836,2.107968149674258,0.022,0.021,0.022,132,-4,10,3,7,0.44,0.82,9.11,1.27,0.83,-0.42,79
259,0,157.708,72.574,2.1730647339267506,0.008,0.004,0.008,139,-1,9,4,5,0.21,0.3,8.19,0.9,0.54,-0.22,81
260,0,142.56,64.69200000000001,2.2036727879799662,0.509,0.705,0.509,121,1,5,3,2,0.35,0.66,5.88,1.1,0.84,-0.53,77
261,0,143.477,74.34100000000001,1.9299847997740143,0.052,0.049,0.052,106,3,11,7,4,0.3,0.43,10.38,1.1,0.6,-0.27,74
262,0,167.296,76.62,2.183450796136779,0.144,0.173,0.144,148,-2,12,5,7,0.18,0.26,8.3,0.93,0.54,-0.2,81
263,0,151.422,69.85,2.167816750178955,0.2,0.45,0.2,124,0,10,5,5,0.21,0.16,8.81,0.95,0.55,-0.26,78
264,0,134.897,68.75200000000001,1.9620811030951824,0.551,0.658,0.551,113,-2,10,4,6,0.04,-0.69,12.96,0.85,0.22,0.09,80
265,0,161.826,71.954,2.249020207354699,0.37,0.481,0.37,143,2,16,9,7,0.13,-0.21,15.06,0.94,0.21,0.01,81
266,0,115.798,64.65199999999999,1.7910969498236717,0.161,0.42,0.161,90,-2,8,3,5,0.5,0.84,8.27,1.32,0.93,-0.56,78
267,0,156.262,71.17,2.195616130392019,0.414,0.437,0.414,125,0,14,7,7,0.19,0.17,9.72,0.99,0.54,-0.22,76
268,0,140.89,70.931,1.9862965417095486,0.428,0.443,0.428,127,4,12,8,4,0.0,-0.71,11.56,0.8,0.26,0.03,79
269,0,147.827,72.83599999999998,2.029587017408974,0.457,0.455,0.457,132,0,14,7,7,-0.19,-0.86,11.45,0.61,0.08,0.23,83
270,0,148.964,73.328,2.0314750163648263,0.029,0.05,0.029,137,3,15,9,6,0.07,-0.76,12.24,0.86,0.28,0.04,80
271,0,135.953,70.402,1.9310957075083095,0.178,0.329,0.178,114,3,7,5,2,0.19,0.18,6.94,1.02,0.72,-0.35,77
272,0,120.366,69.073,1.7425911716589697,0.254,0.121,0.254,103,-2,10,4,6,-0.05,-0.56,10.35,0.73,0.24,0.04,80
273,0,148.395,74.23,1.999124343257443,0.312,0.312,0.312,134,-1,11,5,6,-0.01,-0.55,8.67,0.69,0.31,-0.03,83
274,0,145.005,77.418,1.8730140277454854,0.244,0.243,0.244,135,-2,12,5,7,0.08,-0.15,9.19,0.83,0.41,-0.08,82
275,0,142.373,71.405,1.9938799803935296,0.488,0.678,0.488,136,6,10,8,2,0.16,-0.25,9.77,0.92,0.47,-0.18,79
276,0,134.977,74.263,1.8175538289592394,0.364,0.396,0.364,139,3,11,7,4,0.08,-0.26,8.59,0.8,0.42,-0.14,80
277,0,126.012,73.686,1.710121325624949,0.325,0.326,0.325,121,1,11,6,5,-0.13,-0.77,10.87,0.63,0.13,0.12,83
278,0,136.841,73.87899999999999,1.8522313512635529,-0.124,-0.128,-0.124,110,2,10,6,4,0.03,-0.47,11.38,0.87,0.33,-0.02,80
279,0,153.823,75.70400000000001,2.0319005600760858,0.016,0.017,0.016,136,1,11,6,5,0.07,-0.32,9.67,0.86,0.42,-0.14,79
280,0,138.869,74.029,1.875872968701455,-0.056,-0.142,-0.056,119,-1,13,6,7,-0.06,-0.69,11.83,0.69,0.13,0.18,83
281,0,146.622,76.248,1.922961913755115,0.147,0.165,0.147,140,4,12,8,4,0.17,0.28,8.83,0.98,0.57,-0.21,78
282,0,144.714,72.70400000000001,1.990454445422535,0.439,0.466,0.439,125,-1,13,6,7,0.1,-0.29,10.15,0.9,0.43,-0.08,81
283,0,149.257,70.60900000000001,2.1138523417694626,0.254,0.245,0.254,117,-4,12,4,8,0.32,0.32,12.78,1.17,0.52,-0.24,80
284,0,124.717,65.125,1.9150403071017275,0.376,0.477,0.376,117,-3,11,4,7,-0.06,-0.93,12.37,0.78,0.19,0.1,79
285,0,126.295,72.25899999999999,1.747809961388893,0.163,0.49,0.163,115,-2,12,5,7,0.18,0.16,11.89,1.06,0.48,-0.16,78
286,0,128.718,67.34100000000001,1.911435826613801,0.356,0.451,0.356,120,-3,13,5,8,-0.05,-0.85,14.54,0.77,0.06,0.11,79
287,0,124.965,68.551,1.8229493369899783,0.534,0.625,0.534,115,-3,11,4,7,-0.04,-0.82,14.23,0.81,0.12,0.13,81
288,0,151.892,67.919,2.2363697934304096,0.286,0.567,0.286,140,-1,7,3,4,0.09,0.08,9.33,0.85,0.42,-0.06,80
289,0,163.916,74.86500000000001,2.189487744606959,0.063,0.01,0.063,147,-1,15,7,8,-0.07,-0.48,11.46,0.75,0.21,0.07,81
290,0,143.951,77.019,1.8690323167010736,0.775,1.031,0.775,130,-2,10,4,6,0.0,-0.46,9.98,0.77,0.31,-0.04,81
291,0,132.182,70.014,1.8879366983746106,0.303,0.408,0.303,118,1,11,6,5,0.04,-0.48,10.06,0.81,0.34,-0.06,83
292,0,148.039,73.839,2.004889015290023,0.356,0.315,0.356,121,0,10,5,5,0.12,-0.08,9.89,0.92,0.45,-0.12,81
293,0,157.755,70.81899999999999,2.2275801691636428,0.336,0.632,0.336,145,5,9,7,2,0.14,-0.21,8.05,0.89,0.54,-0.24,79
294,0,116.531,66.97,1.740047782589219,0.975,0.944,0.975,106,0,8,4,4,-0.01,-0.39,8.3,0.8,0.43,-0.1,80
295,0,134.838,72.16999999999999,1.8683386448662882,0.05,0.054,0.05,134,2,10,6,4,0.02,-0.51,11.31,0.79,0.25,0.03,81
296,0,144.155,71.221,2.024051894806307,0.029,0.043,0.029,112,3,5,4,1,0.02,-0.66,7.54,0.84,0.51,-0.16,79
297,0,137.218,73.203,1.8744860183325818,0.101,0.09,0.101,115,-2,10,4,6,0.1,-0.15,7.68,0.85,0.51,-0.18,81
298,0,156.724,70.42000000000002,2.2255609201931263,0.334,0.519,0.334,143,1,11,6,5,0.12,-0.34,11.83,0.88,0.32,-0.07,79
299,0,132.903,75.274,1.765589712251242,-0.082,-0.092,-0.082,127,-2,12,5,7,0.05,-0.39,10.95,0.84,0.33,0.02,81
300,0,146.288,71.57,2.043984909878441,0.551,0.662,0.551,125,-2,10,4,6,0.11,0.05,8.98,0.86,0.44,-0.13,79
301,0,150.896,74.476,2.026102368548257,-0.023,-0.023,-0.023,131,1,11,6,5,0.29,-0.08,9.71,1.15,0.71,-0.31,76
302,0,149.845,70.011,2.1403065232606306,0.076,-0.081,0.076,132,2,14,8,6,0.18,-0.22,11.55,0.98,0.42,-0.12,81
303,0,150.239,68.769,2.1846907763672583,0.009,0.009,0.009,121,5,9,7,2,0.36,-0.13,9.79,1.19,0.74,-0.43,73
304,0,132.262,65.244,2.0271902397155293,0.023,0.122,0.023,115,2,10,6,4,0.05,-0.45,10.01,0.81,0.34,-0.11,79
305,0,126.284,67.47900000000001,1.8714563049244948,0.232,0.229,0.232,112,0,8,4,4,0.03,-0.16,7.81,0.82,0.47,-0.12,80
306,0,183.561,74.791,2.4543193699776715,0.278,0.264,0.278,175,-2,16,7,9,0.37,0.08,8.86,1.1,0.7,-0.39,79
307,0,134.841,71.785,1.8784007801072649,0.059,0.059,0.059,112,0,12,6,6,0.15,-0.71,12.85,1.06,0.45,-0.18,76
308,0,123.694,69.357,1.7834393067750913,0.409,0.675,0.409,128,-6,12,3,9,-0.1,-0.75,11.19,0.71,0.19,0.11,82
309,0,141.934,72.056,1.969773509492617,0.34,0.659,0.34,126,-2,12,5,7,0.1,-0.48,10.27,0.92,0.44,-0.14,79
310,0,149.857,69.82900000000001,2.1460567958870955,0.386,0.845,0.386,125,-1,11,5,6,0.03,-0.47,8.73,0.83,0.43,-0.11,82
311,0,149.915,70.18,2.136149900256483,-0.129,-0.183,-0.129,132,2,14,8,6,0.02,-0.54,12.3,0.8,0.22,-0.01,78
312,0,149.078,68.977,2.161271148353799,0.46,0.68,0.46,131,-6,10,2,8,-0.02,-0.2,10.66,0.81,0.29,0.03,78
313,0,149.394,73.36699999999999,2.0362560824348823,0.264,0.239,0.264,135,3,11,7,4,0.17,-0.23,8.89,0.97,0.58,-0.22,77
314,0,132.19,70.303,1.880289603573105,0.34,0.391,0.34,122,-1,13,6,7,0.03,-0.63,11.68,0.84,0.28,-0.05,77
315,0,145.895,72.618,2.009074885014735,0.072,-0.013,0.072,123,2,6,4,2,0.28,0.32,4.9,1.09,0.91,-0.47,78
316,0,154.418,67.981,2.271487621541313,0.629,0.776,0.629,128,-2,16,7,9,-0.04,-0.66,12.88,0.77,0.16,0.02,74
317,0,143.422,67.154,2.1357179021353905,0.01,0.01,0.01,123,5,13,9,4,0.42,0.07,11.12,1.23,0.72,-0.41,75
318,0,142.845,69.37700000000001,2.0589676694005217,0.251,0.186,0.251,126,-1,5,2,3,0.1,0.0,7.02,0.83,0.54,-0.19,78
319,0,149.636,70.168,2.1325390491392087,0.416,0.244,0.416,138,-2,8,3,5,0.01,-0.01,9.38,0.76,0.33,0.06,81
320,0,128.796,68.805,1.8718988445607148,-0.011,-0.011,-0.011,102,2,8,5,3,0.33,0.34,9.38,1.12,0.69,-0.33,76
321,0,129.587,65.733,1.9714146623461577,0.164,0.196,0.164,103,-3,7,2,5,0.23,0.43,8.6,1.03,0.63,-0.24,76
322,0,149.877,69.68900000000001,2.150655053164775,0.004,0.004,0.004,117,0,8,4,4,0.31,0.08,9.75,1.18,0.72,-0.28,77
323,0,128.472,67.00300000000001,1.9174066832828378,0.572,0.577,0.572,112,-1,11,5,6,-0.06,-0.55,11.33,0.75,0.21,0.05,79
324,0,139.96,69.32499999999999,2.018896501983412,0.31,0.594,0.31,105,0,2,1,1,0.61,0.95,2.21,1.43,1.37,-0.8,73
325,0,133.986,71.543,1.872803768363082,0.234,0.203,0.234,115,0,10,5,5,0.24,-0.18,9.19,1.14,0.72,-0.31,75
326,0,128.425,67.85499999999999,1.892638714906787,0.354,0.619,0.354,110,2,6,4,2,0.27,0.36,6.45,1.13,0.84,-0.39,77
327,0,166.448,75.659,2.199976209043207,0.097,0.182,0.097,159,-6,10,2,8,0.01,0.13,8.08,0.78,0.4,-0.02,79
328,0,134.338,65.912,2.0381417647772784,0.292,0.343,0.292,132,2,8,5,3,0.2,-0.52,8.55,1.09,0.72,-0.4,75
329,0,155.61,67.52099999999999,2.3046163415826193,0.096,0.093,0.096,130,1,5,3,2,0.26,0.65,4.76,1.01,0.83,-0.33,80
330,0,123.571,65.504,1.8864649487054224,0.144,0.473,0.144,90,-3,11,4,7,0.18,-0.07,13.16,0.98,0.34,-0.06,76
331,0,122.411,68.823,1.7786350493294394,0.177,0.502,0.177,108,-2,8,3,5,0.05,0.0,8.26,0.81,0.44,-0.05,81
332,0,124.125,64.594,1.9216181069449176,0.244,0.215,0.244,105,-2,8,3,5,0.5,0.42,10.29,1.37,0.87,-0.54,74
333,0,153.935,69.12199999999999,2.227004426955239,0.243,0.245,0.243,142,5,15,10,5,0.15,0.14,12.83,0.92,0.32,-0.05,80
334,0,169.354,72.07400000000001,2.3497238948858117,-0.041,-0.042,-0.041,159,2,10,6,4,0.09,-0.26,10.03,0.85,0.41,-0.12,78
335,0,139.096,67.441,2.0624842454886494,0.177,0.306,0.177,117,0,12,6,6,0.12,-0.1,11.7,0.9,0.34,-0.01,77
336,0,143.02,69.85,2.047530422333572,0.014,0.006,0.014,115,-1,13,6,7,0.04,-0.28,11.45,0.8,0.25,0.0,81
337,0,131.777,71.65100000000001,1.8391508841467665,0.442,0.441,0.442,95,-2,10,4,6,0.17,-0.16,9.64,1.04,0.58,-0.22,81
338,0,160.508,71.548,2.243361100240398,0.404,0.734,0.404,148,-3,15,6,9,0.06,-0.81,15.0,1.02,0.28,-0.03,79
339,0,150.654,65.63300000000001,2.2954001797876065,0.024,0.383,0.024,123,-5,9,2,7,-0.07,-0.32,10.57,0.77,0.26,0.06,78
340,0,141.371,68.953,2.0502516206691515,0.398,0.627,0.398,114,-1,9,4,5,0.29,0.39,9.02,1.06,0.65,-0.33,78
341,0,137.308,66.781,2.056093799134484,0.166,0.185,0.166,112,2,8,5,3,0.23,0.19,6.99,1.03,0.72,-0.37,80
342,0,131.791,67.838,1.9427312125947112,0.093,0.054,0.093,124,-2,4,1,3,0.11,0.09,4.79,0.92,0.74,-0.25,78
343,0,159.853,70.47800000000001,2.2681262237861457,0.254,0.378,0.254,154,2,12,7,5,0.11,-0.53,8.57,0.92,0.54,-0.16,76
344,0,181.263,73.048,2.4814231738035266,0.089,0.085,0.089,157,-3,5,1,4,0.32,0.55,4.24,1.14,0.96,-0.45,79
345,0,132.092,65.506,2.016487039355174,0.012,0.012,0.012,102,3,9,6,3,0.3,0.49,8.54,1.15,0.75,-0.38,74
346,0,128.517,66.49000000000001,1.9328771243796057,0.323,0.723,0.323,110,0,6,3,3,0.17,0.23,8.05,0.97,0.61,-0.23,77
347,0,141.946,68.17599999999999,2.082052335132598,0.248,0.253,0.248,126,4,10,7,3,0.18,-0.03,8.49,0.94,0.57,-0.23,78
348,0,135.384,67.86999999999999,1.994754678060999,0.127,0.338,0.127,106,1,13,7,6,0.01,-0.6,13.38,0.8,0.16,0.05,75
349,0,158.702,71.428,2.2218457747661984,0.195,0.322,0.195,144,-2,8,3,5,0.22,0.6,6.22,1.02,0.75,-0.29,83
350,0,157.292,71.79400000000001,2.1908794606791653,0.052,0.052,0.052,138,3,9,6,3,0.1,0.07,10.18,0.82,0.36,-0.05,77
351,0,128.849,68.45499999999998,1.88224380980206,0.201,0.19,0.201,98,3,7,5,2,0.47,0.66,7.72,1.23,0.9,-0.54,75
352,0,139.743,66.68100000000001,2.095694425698474,0.466,0.494,0.466,108,-3,11,4,7,0.17,0.19,8.32,0.94,0.57,-0.23,76
353,0,141.126,66.893,2.109727475221623,0.476,0.47,0.476,112,-4,10,3,7,0.18,-0.2,11.95,1.03,0.45,-0.1,78
354,0,161.726,75.17099999999999,2.1514413803195382,0.112,0.08,0.112,144,2,12,7,5,-0.08,-0.74,12.91,0.8,0.2,0.08,79
355,0,141.065,66.797,2.1118463404045094,0.302,0.305,0.302,119,5,11,8,3,0.26,-0.13,11.9,1.14,0.57,-0.35,75
356,0,133.032,65.918,2.0181437543614793,0.252,0.245,0.252,109,3,9,6,3,0.15,-0.15,9.43,0.98,0.56,-0.24,80
357,0,151.978,68.398,2.2219655545483787,-0.01,0.012,-0.01,136,-1,9,4,5,0.26,0.51,6.06,1.12,0.86,-0.45,77
358,0,140.573,66.735,2.106435903199221,0.245,0.526,0.245,118,1,9,5,4,0.24,0.35,7.92,1.02,0.67,-0.39,75
359,0,131.113,69.27000000000001,1.8927818680525477,0.189,0.531,0.189,129,-1,9,4,5,0.15,0.01,11.32,1.07,0.52,-0.16,77
360,0,128.463,69.462,1.8493996717629781,0.504,0.861,0.504,105,-1,11,5,6,0.14,0.05,10.39,0.94,0.45,-0.09,79
361,0,127.051,68.77,1.8474770975716157,0.518,0.847,0.518,104,3,7,5,2,0.32,0.44,8.05,1.08,0.72,-0.38,77
362,0,146.412,71.492,2.047949420914228,0.16,0.17,0.16,128,-1,13,6,7,0.35,0.36,9.18,1.23,0.81,-0.4,77
363,0,156.681,74.713,2.0971049214996054,0.252,0.463,0.252,137,-6,16,5,11,0.04,0.0,11.65,0.79,0.24,-0.03,80
364,0,126.36,70.69500000000001,1.7873965626989177,0.083,0.427,0.083,110,-3,9,3,6,0.03,0.03,9.32,0.8,0.38,0.01,80
365,0,132.635,69.57,1.9064970533275838,0.407,0.458,0.407,120,-1,9,4,5,0.07,-0.35,12.87,0.92,0.3,-0.07,75
366,0,143.774,74.321,1.9345003431062553,0.305,0.677,0.305,123,0,12,6,6,0.26,0.3,10.24,1.13,0.65,-0.26,77
367,0,132.625,68.131,1.9466175456106618,0.464,0.48,0.464,96,-2,8,3,5,0.21,0.21,7.3,1.0,0.69,-0.36,73
368,0,139.286,73.727,1.889212907076105,0.41,0.529,0.41,132,-3,11,4,7,0.21,0.18,9.81,1.11,0.64,-0.29,78
369,0,114.718,65.743,1.744946230016884,0.235,0.348,0.235,108,-2,6,2,4,0.12,0.25,7.05,0.95,0.64,-0.23,78
370,0,128.554,66.85300000000001,1.9229353955693833,0.268,0.26,0.268,111,2,6,4,2,0.44,0.57,8.15,1.23,0.85,-0.44,76
371,0,144.832,75.12799999999999,1.9278032158449583,0.181,0.175,0.181,134,-3,17,7,10,0.01,-0.17,10.14,0.8,0.31,0.06,82
372,0,146.829,71.113,2.064727968163346,0.091,-0.01,0.091,123,-1,11,5,6,0.04,-0.79,11.34,0.82,0.3,-0.01,79
373,0,159.762,68.096,2.3461289943609023,0.506,0.651,0.506,124,3,9,6,3,0.12,-0.24,9.53,0.9,0.49,-0.29,74
374,0,131.311,70.05199999999999,1.8744789584879806,0.265,0.265,0.265,105,0,8,4,4,0.4,0.64,8.08,1.24,0.86,-0.46,76
375,0,128.023,72.40100000000001,1.768249057333462,0.485,0.884,0.485,105,3,9,6,3,0.32,0.41,8.26,1.05,0.69,-0.35,80
376,0,156.301,71.71099999999998,2.1795958778987883,1.043,1.23,1.043,137,-4,20,8,12,-0.1,-0.92,15.13,0.8,0.06,0.24,80
377,0,144.396,69.52700000000002,2.076833460382297,0.325,0.522,0.325,124,-3,9,3,6,0.1,0.1,10.12,0.9,0.41,-0.06,77
378,0,149.166,72.321,2.06255444476708,0.264,0.609,0.264,116,1,11,6,5,0.28,-0.23,9.38,1.17,0.74,-0.36,74
379,0,133.42,73.86699999999999,1.8062192860140525,0.316,0.606,0.316,110,-1,9,4,5,0.09,-0.06,9.34,0.87,0.43,-0.11,77
380,0,147.449,77.868,1.8935763086248525,-0.024,-0.038,-0.024,118,-3,13,5,8,-0.07,-0.28,12.29,0.75,0.14,0.21,82
381,0,137.115,72.791,1.8836806748086992,0.78,0.848,0.78,126,-1,17,8,9,-0.08,-0.93,16.47,0.75,-0.07,0.24,82
382,0,144.626,74.131,1.9509516936234503,0.218,0.168,0.218,131,-2,16,7,9,-0.07,-0.9,16.07,0.77,-0.01,0.21,79
383,0,147.977,75.23,1.966994550046524,0.134,0.262,0.134,116,-3,11,4,7,-0.15,-0.57,10.16,0.61,0.14,0.17,84
384,0,132.242,72.797,1.8165858483179251,0.272,0.256,0.272,120,-4,10,3,7,-0.05,-0.24,9.97,0.73,0.26,0.04,83
385,0,129.968,69.171,1.8789377051076315,0.102,0.248,0.102,112,-4,10,3,7,0.2,-0.11,11.28,1.02,0.47,-0.23,79
386,0,155.028,71.113,2.180023343129948,0.372,0.437,0.372,142,-1,11,5,6,0.09,0.0,11.34,0.91,0.36,-0.04,80
387,0,134.674,70.834,1.9012621057684163,0.501,0.618,0.501,126,2,10,6,4,0.31,0.24,9.54,1.05,0.61,-0.28,78
388,0,149.45,66.126,2.2600792426579557,0.23,0.479,0.23,125,1,11,6,5,0.3,0.5,13.88,1.18,0.48,-0.25,78
389,0,120.995,69.013,1.7532204077492646,0.11,0.137,0.11,107,3,7,5,2,0.36,0.15,9.37,1.15,0.71,-0.39,79
390,0,141.613,71.094,1.9919121163529976,0.322,0.324,0.322,118,-2,14,6,8,0.01,-0.66,13.96,0.79,0.11,0.14,82
391,0,129.643,69.685,1.8604147233981487,0.427,0.446,0.427,110,-1,11,5,6,0.04,-0.42,11.6,0.8,0.25,-0.01,81
392,0,122.629,70.04400000000001,1.7507423904974013,0.074,0.58,0.074,99,-4,10,3,7,0.05,-0.04,11.19,0.95,0.4,-0.11,78
393,0,146.669,70.774,2.0723570802837203,0.358,0.432,0.358,126,-3,13,5,8,0.05,-0.26,12.39,0.87,0.27,0.05,78
394,0,119.345,69.604,1.7146284696281824,0.368,0.362,0.368,109,0,8,4,4,0.16,0.01,9.4,0.95,0.51,-0.2,79
395,0,145.393,70.327,2.067385214782374,0.199,0.425,0.199,135,1,15,8,7,0.09,-0.37,11.64,0.9,0.36,-0.13,77
396,0,131.409,69.65299999999999,1.8866236917289996,1.061,1.371,1.061,127,-8,16,4,12,-0.16,-1.06,14.95,0.67,-0.06,0.25,78
397,0,132.792,71.795,1.8495995542865102,0.488,0.688,0.488,116,0,12,6,6,0.01,-0.55,11.7,0.74,0.22,0.1,79
398,0,114.702,67.172,1.7075864943726553,0.662,0.932,0.662,93,1,9,5,4,0.23,-0.05,9.94,1.0,0.55,-0.3,79
399,0,125.963,69.668,1.808046735947637,0.234,0.556,0.234,103,-1,9,4,5,0.12,-0.11,9.45,0.94,0.5,-0.14,77
400,0,154.173,71.44900000000001,2.1578048678078066,0.435,0.46,0.435,126,-3,13,5,8,-0.09,-0.84,11.33,0.74,0.2,0.13,81
401,0,138.129,70.198,1.9677056326391065,0.316,0.366,0.316,123,-1,15,7,8,0.01,-0.53,12.84,0.78,0.16,0.12,82
402,0,132.673,71.363,1.859128680128358,0.376,0.358,0.376,113,3,7,5,2,0.29,0.15,7.69,1.08,0.75,-0.4,78
403,0,137.094,72.588,1.8886592825260375,0.342,0.285,0.342,111,-3,9,3,6,0.0,-0.36,10.35,0.78,0.31,0.0,81
404,0,139.112,73.432,1.8944329447652248,0.559,0.501,0.559,127,2,10,6,4,0.26,0.27,8.72,0.94,0.54,-0.31,77
405,0,148.677,71.59,2.076784467104344,0.633,1.365,0.633,126,1,11,6,5,0.06,-0.31,12.5,0.91,0.31,-0.08,75
406,0,148.676,72.506,2.0505337489311226,-0.004,-0.036,-0.004,130,2,12,7,5,0.13,-0.12,10.02,0.9,0.45,-0.18,78
407,0,145.666,70.62899999999999,2.062410624531,-0.061,-0.061,-0.061,125,-1,11,5,6,-0.08,-0.66,11.29,0.73,0.19,0.15,82
408,0,140.039,71.49799999999999,1.9586421997818122,0.84,0.988,0.84,111,2,8,5,3,0.24,0.04,8.95,1.03,0.63,-0.31,80
409,0,144.193,67.87599999999999,2.124359125464082,0.069,0.07,0.069,122,-2,12,5,7,0.22,0.18,10.52,1.0,0.49,-0.21,80
410,0,137.49,70.151,1.959915040412824,0.057,0.055,0.057,124,1,9,5,4,0.06,-0.3,10.98,0.81,0.31,-0.03,79
411,0,157.098,72.68700000000001,2.1612943167278877,-0.032,-0.032,-0.032,148,1,15,8,7,-0.04,-0.85,14.63,0.69,-0.01,0.13,78
412,0,135.374,70.82900000000001,1.9112792782617287,0.104,0.304,0.104,126,1,9,5,4,0.03,-0.37,11.09,0.76,0.23,0.02,78
413,0,137.345,71.338,1.9252712439373127,0.077,0.077,0.077,139,-4,10,3,7,0.0,-0.22,10.58,0.72,0.22,0.07,81
414,0,143.075,68.76299999999999,2.0806974681151202,0.204,0.25,0.204,144,-1,11,5,6,0.01,-0.33,11.73,0.76,0.19,0.05,77
415,0,151.185,68.809,2.197168974988737,-0.018,0.188,-0.018,142,-4,14,5,9,-0.13,-1.0,14.2,0.67,-0.03,0.25,80
416,0,124.371,68.459,1.8167224177975136,0.681,0.716,0.681,107,-2,12,5,7,0.04,-0.6,12.59,0.84,0.22,-0.03,80
417,0,118.828,67.69399999999999,1.7553697521198337,0.241,0.443,0.241,104,1,11,6,5,0.22,-0.16,12.14,1.03,0.45,-0.19,77
418,0,148.291,70.197,2.112497685086257,0.606,0.537,0.606,129,-3,15,6,9,-0.11,-0.54,12.95,0.7,0.07,0.16,81
419,0,118.608,69.156,1.715078951934756,0.527,0.592,0.527,107,-1,7,3,4,0.13,0.05,9.84,0.93,0.47,-0.17,79
420,0,132.102,67.345,1.9615710149231569,0.696,0.736,0.696,134,0,10,5,5,0.01,-0.18,10.66,0.75,0.23,0.09,79
421,0,152.777,74.167,2.0599053487400054,-0.003,0.593,-0.003,137,-1,15,7,8,-0.04,-1.21,14.13,0.8,0.12,0.13,77
422,0,134.649,71.429,1.8850746895518626,0.807,1.209,0.807,126,-2,12,5,7,-0.01,-0.45,13.9,0.78,0.09,0.15,78
423,0,127.855,69.021,1.852407238376726,0.041,0.305,0.041,108,-4,10,3,7,0.03,-0.42,11.52,0.83,0.27,0.05,81
424,0,131.978,71.351,1.8497007750416954,0.433,1.023,0.433,128,-1,9,4,5,-0.1,-0.51,11.02,0.64,0.11,0.1,77
425,0,133.368,69.157,1.9284815709183452,0.388,1.079,0.388,124,3,9,6,3,0.16,0.07,8.52,0.94,0.55,-0.21,75
426,0,133.245,69.636,1.9134499396863693,0.452,0.87,0.452,116,1,13,7,6,0.25,0.25,9.25,1.08,0.65,-0.24,77
427,0,133.555,69.138,1.931716277589748,0.293,0.293,0.293,114,-4,10,3,7,-0.07,-0.34,11.27,0.71,0.17,0.14,81
428,0,148.375,68.626,2.1620814268644537,0.216,0.199,0.216,137,-3,13,5,8,-0.27,-1.01,14.05,0.62,-0.07,0.34,79
429,0,132.392,67.548,1.9599692070823709,0.48,0.349,0.48,118,0,10,5,5,0.11,-0.07,10.75,0.89,0.37,-0.09,80
430,0,130.498,68.086,1.9166642187821283,0.411,1.053,0.411,133,-1,11,5,6,0.03,-0.23,13.21,0.82,0.17,0.1,80
431,0,141.465,69.603,2.032455497607862,0.4,0.418,0.4,133,-2,14,6,8,-0.01,-0.73,13.3,0.83,0.19,0.09,79
432,0,136.869,70.12899999999999,1.9516747707795636,0.312,0.808,0.312,124,-2,10,4,6,0.09,-0.04,9.41,0.87,0.42,-0.12,77
433,0,140.046,68.631,2.040564759365301,0.197,0.192,0.197,118,-1,9,4,5,0.0,-0.29,11.5,0.78,0.22,0.06,77
434,0,142.192,73.674,1.9300160165051443,-0.026,-0.016,-0.026,136,-1,11,5,6,0.0,-0.54,11.81,0.83,0.27,0.03,78
435,0,159.29,77.92699999999999,2.0440925481540417,0.38,0.376,0.38,142,-2,12,5,7,-0.03,-0.19,10.28,0.71,0.23,0.06,80
436,0,137.545,73.09799999999998,1.8816520287832774,0.15,0.456,0.15,116,0,14,7,7,-0.08,-1.1,13.91,0.68,0.02,0.21,81
437,0,141.45,76.733,1.8434050538881575,0.114,0.081,0.114,115,-1,13,6,7,0.19,0.01,9.87,0.94,0.5,-0.11,79
438,0,167.449,82.893,2.020062007648414,0.44,1.082,0.44,131,-3,15,6,9,0.07,-0.69,14.12,0.97,0.28,0.01,75
439,0,129.803,76.137,1.704860974296334,0.268,0.299,0.268,111,-1,9,4,5,0.2,0.46,8.69,1.0,0.61,-0.2,78
440,0,166.297,80.60900000000001,2.0630078527211597,0.433,0.957,0.433,141,-1,15,7,8,-0.03,-0.25,11.97,0.78,0.2,0.14,78
441,0,137.156,72.911,1.881142763094732,0.077,0.103,0.077,126,-2,14,6,8,-0.05,-0.88,12.96,0.75,0.13,0.13,80
442,0,173.554,79.707,2.1773997264983,0.097,0.1,0.097,144,0,14,7,7,-0.12,-0.51,12.52,0.72,0.12,0.19,79
443,0,135.763,73.745,1.8409790494270797,0.198,0.389,0.198,116,-2,14,6,8,-0.16,-1.04,14.68,0.65,-0.06,0.24,81
444,0,144.419,71.78800000000001,2.011742909678498,0.257,0.17,0.257,125,1,11,6,5,0.12,0.07,10.88,0.88,0.36,-0.04,80
445,0,140.358,68.431,2.0510879572123746,0.276,0.243,0.276,132,4,16,10,6,-0.07,-0.95,13.81,0.81,0.15,0.14,78
446,0,129.356,74.031,1.7473220677824153,0.206,0.294,0.206,106,-1,13,6,7,0.03,-0.81,11.98,0.83,0.26,-0.04,78
447,0,144.08,70.32,2.0489192263936293,0.261,0.35,0.261,125,-6,10,2,8,0.15,0.19,9.4,0.96,0.51,-0.19,77
448,0,129.022,70.89699999999999,1.819851333624836,0.305,0.954,0.305,127,-4,10,3,7,-0.06,-0.51,12.27,0.71,0.11,0.07,78
449,0,122.743,69.698,1.7610691841946686,0.554,0.55,0.554,94,-1,9,4,5,0.0,-0.62,11.32,0.79,0.25,-0.01,79
450,0,144.073,69.531,2.072068573729703,0.006,0.294,0.006,127,2,12,7,5,0.14,-0.55,14.02,1.01,0.32,-0.05,77
451,0,146.763,75.019,1.9563443927538355,0.19,0.22,0.19,124,-1,13,6,7,-0.07,-0.74,12.73,0.73,0.12,0.13,82
452,0,146.298,72.92099999999999,2.0062533426584936,0.441,0.625,0.441,131,2,10,6,4,0.23,0.32,10.88,1.04,0.53,-0.16,76
453,0,155.796,74.362,2.0951023372152444,0.484,0.564,0.484,148,-3,13,5,8,0.05,-0.14,9.73,0.8,0.34,-0.06,81
454,0,141.63,74.037,1.9129624377000687,0.809,0.868,0.809,131,-1,13,6,7,0.0,-0.5,11.47,0.82,0.27,0.02,79
455,0,147.138,76.108,1.933279024544069,0.704,1.19,0.704,122,-1,9,4,5,0.0,-0.15,11.05,0.82,0.29,-0.02,79
456,0,128.906,72.232,1.7846106988592314,0.238,0.605,0.238,129,0,10,5,5,0.25,0.42,9.16,1.01,0.58,-0.2,78
457,0,144.217,73.682,1.9572894329687034,0.555,0.592,0.555,140,-2,14,6,8,-0.15,-1.1,15.71,0.69,-0.08,0.29,78
458,0,137.942,74.043,1.8629985278824466,0.845,0.952,0.845,133,1,13,7,6,0.12,-0.41,11.88,0.91,0.34,-0.02,80
459,0,145.67,74.028,1.967768952288323,0.737,0.754,0.737,130,-1,11,5,6,-0.01,-0.21,11.33,0.77,0.22,0.03,77
460,0,143.444,74.243,1.9320878736042455,0.614,0.879,0.614,122,1,13,7,6,-0.08,-0.99,13.39,0.75,0.11,0.14,78
461,0,146.03,73.96799999999999,1.9742321003677268,0.048,0.425,0.048,126,-1,11,5,6,0.07,-0.14,9.62,0.83,0.39,-0.04,79
462,0,145.533,72.258,2.0140745661380053,0.349,0.467,0.349,144,-3,11,4,7,-0.12,-0.4,10.59,0.71,0.19,0.09,79
463,0,140.027,73.873,1.8955098615190933,0.419,0.736,0.419,131,2,14,8,6,0.16,0.07,10.77,0.95,0.44,-0.06,79
464,0,134.343,75.46700000000001,1.7801555646839011,0.324,0.432,0.324,132,-1,13,6,7,-0.03,-0.29,12.56,0.81,0.19,0.08,79
465,0,125.299,74.979,1.6711212472825725,0.44,0.49,0.44,93,1,13,7,6,0.28,0.22,11.62,1.11,0.56,-0.24,75
466,0,141.566,71.869,1.9697783467141605,0.545,0.813,0.545,134,-4,10,3,7,0.03,-0.24,11.35,0.86,0.3,0.04,77
467,0,144.585,75.80099999999999,1.9074286618910046,0.217,0.349,0.217,126,0,12,6,6,-0.13,-0.62,12.31,0.67,0.08,0.18,84
468,0,150.497,72.90700000000001,2.0642325153963266,0.411,0.424,0.411,134,0,16,8,8,0.15,0.12,10.2,0.99,0.51,-0.18,76
469,0,147.61,75.403,1.957614418524462,0.289,0.137,0.289,109,3,11,7,4,0.38,0.29,9.83,1.2,0.75,-0.43,75
470,0,141.392,73.87700000000001,1.913883888084248,0.341,0.494,0.341,130,-1,15,7,8,-0.22,-0.95,14.14,0.57,-0.11,0.28,81
471,0,153.746,78.645,1.954936741051561,0.045,0.014,0.045,134,-2,18,8,10,-0.14,-1.02,16.89,0.68,-0.15,0.37,79
472,0,142.228,74.13000000000001,1.9186294347767434,0.604,0.616,0.604,151,-1,13,6,7,0.11,-0.03,12.49,0.91,0.28,0.0,78
473,0,135.842,70.333,1.931411997213257,0.356,0.411,0.356,127,0,12,6,6,0.16,0.0,14.21,1.06,0.36,-0.01,75
474,0,140.424,72.949,1.9249612743149325,0.171,0.137,0.171,110,2,10,6,4,0.08,-0.16,10.61,0.84,0.33,-0.01,81
475,0,163.598,81.00899999999999,2.019504005727759,0.146,0.023,0.146,145,1,13,7,6,0.02,-0.54,11.15,0.72,0.21,0.0,78
476,0,149.256,74.03999999999999,2.015883306320908,0.135,0.016,0.135,134,-1,15,7,8,-0.09,-0.82,13.4,0.68,0.04,0.12,78
477,0,142.624,70.971,2.0096095588338896,0.548,0.521,0.548,132,2,14,8,6,0.04,-0.81,15.1,0.89,0.15,0.08,80
478,0,147.413,75.277,1.9582741076291563,0.1,0.034,0.1,139,-4,14,5,9,-0.06,-0.65,11.72,0.75,0.19,0.08,80
479,0,167.781,78.008,2.150817864834376,0.031,0.42,0.031,152,0,12,6,6,0.14,-0.07,10.39,0.95,0.48,-0.11,81
480,0,140.614,73.19,1.9212187457302912,0.099,0.587,0.099,134,-4,10,3,7,0.03,-0.41,10.06,0.77,0.32,-0.04,76
481,0,119.897,72.013,1.6649354977573494,0.376,0.805,0.376,105,2,10,6,4,0.03,-0.21,10.3,0.77,0.29,-0.05,82
482,0,140.776,69.839,2.015721874597288,0.55,0.868,0.55,131,1,13,7,6,-0.02,-0.24,13.27,0.78,0.13,0.13,79
483,0,137.254,72.441,1.894700514901782,0.269,0.498,0.269,119,-1,11,5,6,0.06,-0.27,12.81,0.84,0.24,0.0,77
484,0,146.864,79.002,1.8589909116224907,0.194,0.098,0.194,132,-3,13,5,8,-0.02,-0.38,12.6,0.7,0.1,0.16,79
485,0,140.451,73.086,1.9217223544864954,0.366,0.355,0.366,119,-1,13,6,7,-0.11,-0.66,13.11,0.65,0.02,0.18,82
486,0,141.638,74.738,1.8951269769059917,0.418,0.484,0.418,118,1,11,6,5,-0.05,-1.02,11.78,0.66,0.11,0.07,79
487,0,157.145,76.88900000000001,2.043790399146822,0.722,1.159,0.722,132,-1,15,7,8,-0.12,-1.04,13.62,0.69,0.04,0.12,80
488,0,161.248,75.113,2.1467389133705215,0.484,0.552,0.484,157,-2,16,7,9,-0.06,-0.97,12.5,0.7,0.11,0.1,79
489,0,135.695,75.714,1.792204876244816,0.466,0.624,0.466,119,-1,13,6,7,-0.04,-1.03,13.19,0.78,0.15,0.09,79
490,0,158.156,76.587,2.0650502043427736,0.11,0.11,0.11,133,-4,18,7,11,-0.23,-1.36,17.37,0.61,-0.24,0.4,79
491,0,136.165,76.76,1.7739056800416881,0.163,0.183,0.163,135,-2,10,4,6,-0.2,-0.87,11.14,0.62,0.11,0.15,80
492,0,139.835,71.21199999999999,1.9636437679042862,0.322,0.319,0.322,128,-1,13,6,7,0.03,-0.5,13.19,0.86,0.23,0.0,76
493,0,153.985,78.50200000000001,1.9615423810858321,0.209,0.198,0.209,163,0,14,7,7,0.1,-0.14,11.88,0.93,0.38,-0.07,77
494,0,133.44,72.037,1.8523814151061258,0.37,0.336,0.37,116,-2,8,3,5,0.16,0.35,7.43,0.92,0.58,-0.18,78
495,0,147.832,77.596,1.9051497499871126,0.287,0.289,0.287,144,-4,14,5,9,-0.17,-0.56,11.04,0.62,0.1,0.17,79
496,0,135.265,71.247,1.898536078712086,0.223,0.438,0.223,115,-4,12,4,8,-0.11,-1.06,12.72,0.64,0.04,0.13,80
497,0,141.808,69.993,2.026031174546026,0.131,0.138,0.131,140,-4,16,6,10,-0.14,-1.05,15.85,0.69,-0.09,0.26,79
498,0,143.347,73.692,1.9452179341041094,0.249,0.602,0.249,129,-2,14,6,8,-0.02,-0.93,13.14,0.79,0.15,0.11,79
499,0,141.491,70.753,1.999787994855342,0.133,0.418,0.133,128,-2,12,5,7,-0.11,-0.94,14.06,0.7,0.02,0.15,81
500,0,145.986,68.624,2.1273315458148754,0.404,0.753,0.404,135,-1,17,8,9,-0.05,-1.23,16.35,0.83,0.02,0.17,77
501,0,123.042,67.873,1.8128268972934745,0.818,0.908,0.818,93,-3,7,2,5,0.0,-0.31,10.12,0.8,0.32,-0.06,79
502,0,135.294,67.067,2.0172961366991222,0.294,0.297,0.294,112,0,10,5,5,0.17,0.06,10.26,0.9,0.44,-0.18,76
503,0,136.398,68.268,1.9979785551063456,0.354,0.761,0.354,109,-2,8,3,5,-0.02,-0.62,10.81,0.87,0.38,-0.04,81
504,0,143.943,70.53200000000001,2.040818351953723,0.613,1.434,0.613,140,-3,15,6,9,-0.3,-1.29,15.23,0.48,-0.25,0.38,79
505,0,147.711,74.292,1.9882490712324343,0.665,1.147,0.665,113,-3,13,5,8,-0.13,-1.18,15.46,0.63,-0.11,0.3,79
506,0,146.212,79.93799999999999,1.8290675273336838,0.39,0.434,0.39,132,-3,13,5,8,-0.11,-0.98,14.45,0.7,-0.01,0.24,79
507,0,155.393,69.916,2.2225670804965962,0.061,0.416,0.061,137,-4,12,4,8,0.01,-0.3,11.18,0.74,0.23,0.01,78
508,0,119.082,64.886,1.8352495145331813,0.227,0.292,0.227,105,-3,7,2,5,0.27,0.2,9.85,1.08,0.63,-0.31,77
509,0,139.055,69.23599999999999,2.0084204748974526,0.469,0.471,0.469,113,2,10,6,4,0.1,-0.55,12.29,0.89,0.32,-0.11,77
510,0,121.207,62.5,1.939312,0.444,0.46,0.444,105,0,10,5,5,0.05,-0.15,11.44,0.75,0.22,0.05,77
511,0,139.444,67.345,2.070591729155839,0.187,0.17,0.187,121,-2,12,5,7,-0.12,-0.75,12.53,0.73,0.13,0.18,82
512,0,142.587,66.896,2.1314727337957424,0.16,0.344,0.16,129,-3,13,5,8,-0.11,-0.8,15.9,0.72,-0.08,0.2,76
513,0,124.13,64.137,1.9353883094001902,0.303,0.303,0.303,109,-4,8,2,6,0.26,0.16,7.86,1.03,0.68,-0.32,78
514,0,127.751,66.278,1.9275023386342376,0.546,0.825,0.546,100,1,9,5,4,0.17,-0.16,10.53,0.94,0.46,-0.17,77
515,0,116.537,64.48599999999999,1.8071674471978418,0.368,0.467,0.368,99,1,11,6,5,0.11,-0.24,13.32,0.87,0.24,0.02,77
516,0,129.255,65.369,1.9773134054368278,0.314,0.567,0.314,111,0,8,4,4,0.31,0.76,10.45,1.09,0.58,-0.31,77
517,0,160.527,68.01500000000001,2.3601705506138346,0.625,0.847,0.625,151,-4,18,7,11,-0.28,-1.39,15.71,0.48,-0.27,0.36,80
518,0,130.965,67.507,1.9400210348556446,0.222,0.54,0.222,106,-1,7,3,4,0.26,0.25,7.49,1.0,0.68,-0.32,77
519,0,150.514,65.355,2.303021957004055,0.403,0.532,0.403,110,-2,10,4,6,0.0,-0.1,9.17,0.66,0.25,-0.02,79
520,0,121.862,65.471,1.8613126422385482,0.528,0.601,0.528,123,-2,10,4,6,0.1,-0.29,10.2,0.84,0.39,-0.07,77
521,0,141.917,68.43700000000001,2.073688209594225,0.548,0.548,0.548,124,0,8,4,4,0.21,-0.15,9.75,1.02,0.57,-0.23,76
522,0,117.313,66.94899999999998,1.7522741191055884,0.605,0.822,0.605,95,-3,9,3,6,0.16,0.31,10.29,0.86,0.39,-0.08,78
523,0,122.35,64.758,1.889341857376695,1.146,1.064,1.146,108,1,9,5,4,0.43,0.66,8.78,1.27,0.87,-0.51,73
524,0,127.816,72.523,1.7624201977303753,0.361,0.361,0.361,102,0,8,4,4,0.43,0.23,9.87,1.26,0.79,-0.42,76
525,0,147.72,67.195,2.1983778554952007,0.691,0.633,0.691,132,2,14,8,6,0.06,-0.67,12.03,0.82,0.26,-0.02,76
526,0,121.69,68.47,1.777274718854973,0.905,0.906,0.905,97,1,9,5,4,0.16,-0.55,10.81,0.95,0.46,-0.18,76
527,0,143.847,67.59200000000001,2.128166055154456,0.347,0.348,0.347,125,-4,10,3,7,0.24,0.33,8.18,0.93,0.56,-0.23,79
528,0,176.522,75.411,2.340799087666255,-0.023,-0.047,-0.023,150,0,18,9,9,0.02,-0.61,16.32,0.81,0.04,0.15,77
529,0,122.582,66.557,1.8417596946977777,0.247,0.247,0.247,108,-1,5,2,3,0.0,-0.31,8.67,0.77,0.39,-0.08,78
530,0,127.186,64.65,1.9673008507347254,0.282,0.608,0.282,103,-1,7,3,4,0.07,-0.23,7.13,0.79,0.49,-0.14,79
531,0,142.929,71.29899999999999,2.0046424213523335,-0.057,-0.078,-0.057,134,-3,9,3,6,0.16,-0.1,8.15,0.94,0.58,-0.25,76
532,0,133.695,66.101,2.0225866477057837,0.422,0.457,0.422,111,-1,9,4,5,0.08,0.15,6.84,0.8,0.51,-0.15,80
533,0,126.639,66.835,1.8948006284132566,0.165,0.241,0.165,121,-1,11,5,6,0.11,0.06,9.82,0.9,0.44,-0.06,78
534,0,138.812,67.885,2.0448110775576342,0.241,0.242,0.241,127,-1,11,5,6,-0.08,-0.44,12.25,0.69,0.11,0.21,78
535,0,114.603,65.906,1.7388856856735349,0.319,0.245,0.319,92,-2,8,3,5,0.13,-0.21,9.81,0.88,0.45,-0.14,77
536,0,151.239,75.652,1.9991408026225348,0.029,-0.085,0.029,134,-5,11,3,8,0.03,-0.26,11.21,0.85,0.33,-0.06,78
537,0,128.799,66.45,1.9382844243792325,0.413,0.41,0.413,112,0,10,5,5,-0.05,-0.27,12.25,0.73,0.15,0.09,79
538,0,150.927,70.33500000000001,2.1458306675197267,0.279,0.332,0.279,131,-2,8,3,5,0.1,-0.17,7.76,0.83,0.48,-0.14,80
539,0,149.938,66.945,2.2397191724550005,0.439,0.675,0.439,139,3,9,6,3,0.23,-0.17,11.29,0.91,0.4,-0.26,78
540,0,148.425,68.658,2.1618019750065542,0.532,0.766,0.532,129,-2,8,3,5,0.09,0.1,7.78,0.77,0.44,-0.12,80
541,0,114.58,69.532,1.6478743600069035,0.324,0.282,0.324,104,-1,7,3,4,0.15,-0.26,8.41,0.88,0.52,-0.18,81
542,0,152.575,70.503,2.164092308128732,0.128,0.222,0.128,134,1,13,7,6,-0.03,-0.61,9.96,0.7,0.26,-0.03,79
543,0,137.217,71.596,1.9165456170735795,0.219,0.221,0.219,125,-1,7,3,4,0.25,0.34,8.21,1.04,0.67,-0.24,81
544,0,136.555,71.273,1.9159429236877923,0.161,0.169,0.161,111,0,10,5,5,0.1,-0.14,8.72,0.9,0.51,-0.14,78
545,0,135.738,71.222,1.9058436999803432,-0.027,0.224,-0.027,116,-2,10,4,6,0.08,-0.25,10.54,0.84,0.35,-0.08,77
546,0,133.684,64.457,2.0740028235878185,-0.001,0.0,-0.001,106,-2,10,4,6,0.18,-0.04,12.08,1.02,0.45,-0.11,79
547,0,142.36,68.91499999999999,2.065733149532033,0.226,0.445,0.226,116,0,14,7,7,0.0,0.02,13.08,0.83,0.21,-0.02,78
548,0,117.84,64.114,1.8379761050628567,0.592,0.568,0.592,90,-2,10,4,6,0.14,0.06,11.39,0.89,0.36,-0.06,76
549,0,133.844,70.82,1.8899181022310083,0.407,0.513,0.407,95,-2,8,3,5,0.03,-0.5,10.13,0.85,0.38,-0.07,75
550,0,150.099,66.0,2.2742272727272725,0.425,0.866,0.425,121,0,12,6,6,0.09,-0.56,10.4,0.85,0.37,-0.1,77
551,0,133.55,67.406,1.981277631071418,0.715,0.682,0.715,114,-1,11,5,6,0.13,0.02,11.39,0.92,0.39,-0.13,75
552,0,160.814,68.368,2.3521823075122867,0.528,0.514,0.528,146,-2,14,6,8,0.05,-0.33,12.53,0.82,0.23,-0.01,77
553,0,119.097,65.626,1.8147837747234326,0.428,0.457,0.428,97,0,8,4,4,0.46,0.69,8.38,1.31,0.93,-0.53,75
554,0,119.34,63.872,1.8684243486973948,0.755,0.781,0.755,110,-4,8,2,6,0.04,-0.14,9.17,0.85,0.43,-0.06,78
555,0,129.28,67.53999999999999,1.914124962984898,0.536,0.459,0.536,106,-2,10,4,6,0.07,0.08,12.64,0.87,0.26,0.02,79
556,0,125.514,63.696999999999996,1.9704852661820809,0.713,0.792,0.713,107,-2,10,4,6,0.05,-0.1,13.36,0.78,0.15,0.09,76
557,0,131.145,65.981,1.987617647504585,0.705,0.749,0.705,128,-2,6,2,4,0.41,0.78,5.71,1.18,0.93,-0.52,78
558,0,133.489,66.622,2.0036774639008135,0.509,0.559,0.509,114,-2,6,2,4,0.28,0.55,6.65,0.94,0.66,-0.35,81
559,0,143.129,68.669,2.0843320858029095,0.007,0.507,0.007,109,-2,12,5,7,0.05,-0.22,12.07,0.79,0.22,0.03,77
560,0,150.27,69.468,2.163154258075661,0.565,0.58,0.565,119,1,9,5,4,0.25,0.37,9.57,0.96,0.52,-0.21,80
561,0,132.588,66.247,2.0014189321780607,0.447,1.037,0.447,112,-1,11,5,6,0.2,0.35,11.64,0.95,0.4,-0.15,77
562,0,136.03,67.821,2.0057209418911546,0.318,0.319,0.318,120,2,8,5,3,0.44,0.57,5.91,1.18,0.94,-0.58,76
563,0,128.891,63.68900000000001,2.0237560646265442,0.1,0.475,0.1,95,-1,9,4,5,0.1,-0.21,9.37,0.9,0.47,-0.17,76
564,0,148.81,65.99199999999999,2.2549702994302345,0.254,0.213,0.254,137,0,14,7,7,0.02,-0.28,14.53,0.81,0.11,0.07,75
565,0,117.366,64.041,1.8326696959760154,0.225,0.486,0.225,107,-1,13,6,7,0.2,0.01,10.93,0.95,0.43,-0.15,77
566,0,123.949,69.716,1.7779132480348845,0.121,0.123,0.121,107,1,9,5,4,0.17,0.23,9.23,0.9,0.49,-0.18,79
567,0,136.754,67.993,2.0112952803965114,0.244,0.356,0.244,108,1,9,5,4,0.2,0.11,10.86,0.97,0.46,-0.18,77
568,0,146.518,70.45400000000001,2.0796264229142416,0.276,0.477,0.276,119,-1,9,4,5,0.05,-0.44,11.47,0.77,0.23,-0.05,78
569,0,132.621,66.49600000000001,1.994420717035611,0.259,0.775,0.259,133,-2,10,4,6,0.04,-0.43,11.71,0.85,0.29,-0.02,80
570,0,124.358,64.28299999999999,1.9345394583326856,0.365,0.415,0.365,106,-1,9,4,5,0.11,-0.32,10.52,0.88,0.39,-0.09,78
571,0,126.508,67.639,1.8703410754150713,0.228,0.111,0.228,104,0,8,4,4,-0.05,-0.47,10.53,0.72,0.23,0.05,84
572,0,135.707,66.1,2.0530559757942513,0.072,0.037,0.072,128,1,13,7,6,0.21,-0.07,10.64,0.99,0.48,-0.18,79
573,0,131.477,65.529,2.006394115582414,0.334,0.38,0.334,124,-2,10,4,6,-0.14,-0.89,12.97,0.62,0.0,0.24,79
574,0,170.15,75.02699999999999,2.2678502405800582,-0.041,-0.028,-0.041,141,0,14,7,7,-0.24,-0.97,11.83,0.39,-0.16,0.35,84
575,0,158.072,73.005,2.165221560167112,0.164,0.078,0.164,135,-1,11,5,6,0.11,-0.2,11.93,0.94,0.37,-0.12,77
576,0,140.431,72.097,1.9478064274519054,0.142,0.212,0.142,112,-2,10,4,6,-0.04,-0.28,9.84,0.65,0.21,0.04,80
577,0,145.885,65.78999999999999,2.217434260525916,0.101,0.526,0.101,120,-2,10,4,6,0.21,0.14,11.5,0.94,0.39,-0.12,79
578,0,135.032,69.731,1.936470149574795,0.209,0.616,0.209,108,1,11,6,5,-0.14,-0.9,12.63,0.65,0.05,0.17,80
579,0,131.154,68.72,1.9085273573923167,0.185,0.444,0.185,131,0,16,8,8,0.09,-0.03,11.46,0.91,0.36,-0.05,77
580,0,134.783,71.082,1.8961621788919838,0.227,0.211,0.227,112,1,9,5,4,-0.06,-0.61,12.3,0.62,0.06,0.13,77
581,0,153.925,76.16300000000001,2.0209944461221325,0.198,0.152,0.198,131,-2,14,6,8,0.03,-0.27,11.74,0.8,0.25,0.07,79
582,0,134.057,71.535,1.8740057314601244,0.398,0.825,0.398,107,-2,10,4,6,0.05,-0.13,9.62,0.77,0.33,-0.06,79
583,0,126.157,69.74100000000001,1.8089359200470307,0.196,0.327,0.196,100,2,6,4,2,0.13,-0.29,8.81,0.92,0.53,-0.18,77
584,0,134.199,71.667,1.8725354765791788,0.233,0.137,0.233,112,-2,10,4,6,0.22,-0.01,12.07,1.04,0.44,-0.17,79
585,0,162.638,77.74799999999999,2.0918608838812576,0.343,0.507,0.343,154,-1,15,7,8,-0.08,-0.72,15.18,0.71,-0.05,0.25,77
586,0,128.865,70.797,1.8202042459426249,0.225,0.37,0.225,107,0,8,4,4,0.02,-0.46,8.76,0.73,0.36,-0.07,80
587,0,142.291,71.94800000000001,1.977692222160449,0.228,0.064,0.228,111,1,9,5,4,0.25,0.02,8.9,1.01,0.63,-0.3,77
588,0,130.583,70.52699999999999,1.8515320373757571,0.198,0.338,0.198,108,0,6,3,3,0.17,0.18,6.29,0.94,0.68,-0.33,79
589,0,146.926,70.308,2.0897479660920517,0.541,0.573,0.541,126,-1,11,5,6,0.25,-0.04,11.24,1.1,0.57,-0.26,75
590,0,145.302,69.84700000000001,2.0802897762251775,0.096,0.339,0.096,98,-3,9,3,6,0.1,0.08,11.81,0.93,0.37,-0.12,76
591,0,134.856,71.59800000000001,1.88351629933797,0.314,0.311,0.314,114,-1,7,3,4,0.23,0.15,8.36,0.94,0.57,-0.21,81
592,0,145.577,76.059,1.9140009729289105,0.311,0.454,0.311,121,-1,11,5,6,-0.04,-0.57,13.44,0.68,0.06,0.17,79
593,0,149.466,76.72,1.9482012513034412,0.116,0.27,0.116,127,-2,10,4,6,0.09,-0.41,7.61,0.81,0.49,-0.23,80
594,0,144.123,77.629,1.856561336613894,0.23,0.237,0.23,131,0,14,7,7,-0.09,-0.75,13.01,0.64,0.0,0.19,81
595,0,147.339,77.79899999999999,1.893841823159681,0.233,0.239,0.233,128,-1,11,5,6,0.04,-0.09,11.33,0.73,0.2,0.0,80
596,0,145.664,78.838,1.847636926355311,0.342,0.367,0.342,111,0,10,5,5,0.05,-0.32,9.91,0.79,0.34,-0.05,80
597,0,126.215,73.36500000000001,1.7203707489947522,1.101,1.322,1.101,106,-1,9,4,5,-0.02,-0.22,11.21,0.64,0.14,0.09,80
598,0,139.724,78.21700000000001,1.786363578250252,0.479,0.468,0.479,104,1,9,5,4,-0.02,-0.59,11.41,0.81,0.29,-0.02,75
599,0,148.512,79.227,1.874512476807149,0.563,1.119,0.563,121,-2,12,5,7,0.12,-0.05,11.93,0.9,0.35,-0.1,78
600,0,158.072,81.369,1.942656294166083,0.282,0.265,0.282,119,1,11,6,5,0.21,0.24,9.9,0.83,0.38,-0.1,78
601,0,171.034,81.521,2.098036088860539,0.296,0.241,0.296,150,-5,11,3,8,0.08,-0.02,9.23,0.78,0.37,-0.07,79
602,0,169.652,77.693,2.1836201459590954,0.201,0.362,0.201,165,-2,14,6,8,-0.07,-0.43,13.73,0.74,0.07,0.18,76
603,0,160.913,80.207,2.0062214021220095,0.037,0.169,0.037,134,-4,14,5,9,0.05,-0.51,11.63,0.81,0.27,-0.04,80
604,0,156.181,78.67099999999999,1.9852423383457694,0.326,0.299,0.326,124,-1,11,5,6,-0.06,-0.65,10.6,0.67,0.18,0.05,83
605,0,142.264,74.86,1.9004007480630511,0.397,0.626,0.397,129,2,10,6,4,0.07,-0.28,9.05,0.83,0.42,-0.11,79
606,0,144.014,74.89699999999999,1.9228273495600627,0.458,0.676,0.458,132,1,9,5,4,0.04,-0.28,11.35,0.71,0.21,0.0,79
607,0,164.808,78.21000000000001,2.107249712313003,0.8,0.698,0.8,159,-2,20,9,11,-0.15,-0.82,15.94,0.62,-0.16,0.29,79
608,0,145.326,73.329,1.9818352902671523,0.324,0.314,0.324,127,-1,11,5,6,0.21,-0.01,13.64,1.05,0.37,-0.06,80
609,0,163.744,77.475,2.11350758309132,0.212,0.585,0.212,149,-3,11,4,7,0.08,-0.33,9.33,0.8,0.39,-0.1,81
610,0,165.146,79.912,2.066598258083892,0.023,0.451,0.023,149,0,14,7,7,-0.01,-0.15,11.03,0.72,0.2,0.08,81
611,0,137.109,74.09,1.850573626670266,0.053,0.764,0.053,113,0,10,5,5,0.12,0.0,9.7,0.81,0.38,-0.14,78
612,0,141.824,76.862,1.845177070594052,0.052,0.37,0.052,120,0,12,6,6,-0.05,-0.35,11.62,0.82,0.27,0.05,76
613,0,153.157,78.648,1.947373105482657,0.33,0.489,0.33,142,-1,17,8,9,-0.02,-0.55,16.06,0.78,-0.01,0.22,79
614,0,152.933,79.47299999999998,1.924339083713966,0.109,0.332,0.109,125,-4,12,4,8,0.05,-0.3,12.24,0.77,0.2,0.05,81
615,0,166.825,75.41900000000001,2.211975762075869,-0.105,-0.133,-0.105,131,-2,16,7,9,0.16,0.07,11.23,0.97,0.43,-0.16,81
616,0,158.378,76.374,2.073716186136643,-0.077,-0.003,-0.077,151,-1,15,7,8,0.13,-0.02,11.25,0.88,0.36,-0.1,77
617,0,143.765,77.438,1.8565174720421496,0.213,0.46,0.213,113,-2,10,4,6,0.26,0.2,9.93,1.02,0.56,-0.25,85
618,0,127.879,74.387,1.719104144541385,0.074,0.037,0.074,115,-1,9,4,5,0.11,-0.1,10.5,0.89,0.39,-0.06,81
619,0,136.743,75.594,1.8089134058258594,0.071,0.082,0.071,130,0,8,4,4,0.23,0.32,8.15,0.99,0.62,-0.3,80
620,0,173.605,76.38,2.2729117570044512,0.308,0.308,0.308,167,-2,14,6,8,0.07,-0.28,10.95,0.93,0.4,-0.07,77
621,0,153.728,75.375,2.03950912106136,0.206,0.257,0.206,148,-2,12,5,7,0.17,0.16,8.32,0.91,0.54,-0.26,78
622,0,148.962,75.66300000000001,1.96875619523413,0.206,1.092,0.206,137,-2,10,4,6,0.05,-0.27,10.05,0.8,0.34,-0.09,78
623,0,164.922,79.45400000000001,2.0756915951368087,0.451,0.491,0.451,148,-2,16,7,9,-0.1,-0.75,14.69,0.73,0.01,0.19,79
624,0,155.937,78.03899999999999,1.9981932110867648,0.121,0.393,0.121,151,-5,15,5,10,-0.07,-0.63,12.73,0.7,0.09,0.11,80
625,0,151.295,79.54599999999999,1.901981243557187,0.084,0.17,0.084,116,-5,9,2,7,0.17,0.12,10.27,0.96,0.47,-0.12,76
626,0,166.816,78.646,2.1210996109147318,0.199,0.582,0.199,151,-1,19,9,10,-0.05,-0.52,15.27,0.75,0.0,0.18,75
627,0,154.007,79.14000000000001,1.9460070760677277,0.405,0.709,0.405,137,1,11,6,5,0.17,-0.02,10.81,0.87,0.38,-0.13,73
628,0,131.766,72.655,1.8135847498451585,0.192,0.555,0.192,117,-2,8,3,5,-0.04,-0.68,9.89,0.8,0.34,-0.06,80
629,0,143.526,71.83,1.998134484198803,0.418,0.566,0.418,120,-1,11,5,6,-0.07,-0.72,11.14,0.66,0.14,0.08,80
630,0,147.356,76.482,1.926675557647551,0.013,0.031,0.013,123,0,12,6,6,0.02,-0.12,12.21,0.79,0.22,0.06,77
631,0,145.716,77.848,1.871801459253931,0.059,0.072,0.059,136,-4,12,4,8,-0.2,-0.84,13.04,0.5,-0.14,0.31,82
632,0,179.214,84.595,2.118494000827472,-0.075,0.002,-0.075,149,0,12,6,6,0.14,0.07,9.6,0.87,0.44,-0.1,77
633,0,140.236,78.707,1.7817474938696685,0.003,0.488,0.003,116,-1,9,4,5,-0.06,-0.7,10.44,0.7,0.22,-0.03,76
634,0,160.769,81.87,1.9637107609625015,0.652,1.107,0.652,120,1,9,5,4,0.07,-0.36,11.7,0.77,0.25,-0.01,78
635,0,173.501,82.256,2.109280781949037,0.883,1.069,0.883,150,-2,10,4,6,0.08,-0.23,7.47,0.8,0.49,-0.14,81
636,0,160.028,83.451,1.9176283088279351,0.254,0.565,0.254,136,-3,13,5,8,-0.22,-0.95,11.96,0.51,-0.06,0.22,79
637,0,156.825,84.45500000000001,1.8569060446391565,0.279,0.287,0.279,132,-4,12,4,8,-0.05,-0.54,10.15,0.7,0.24,0.01,80
638,0,184.481,84.24700000000001,2.189763433712773,0.272,0.204,0.272,170,4,16,10,6,-0.02,-0.57,10.82,0.68,0.2,0.05,76
639,0,146.913,81.028,1.813113985289036,0.154,0.284,0.154,134,0,14,7,7,0.06,-0.24,12.41,0.84,0.26,-0.02,76
640,0,142.624,82.83099999999999,1.7218674167884007,0.217,0.244,0.217,128,1,17,9,8,-0.12,-0.56,12.66,0.6,0.02,0.23,80
641,0,146.613,80.809,1.8143152371641773,0.347,0.454,0.347,133,0,10,5,5,-0.03,-0.34,8.78,0.63,0.26,-0.02,79
642,0,133.2,79.75899999999999,1.6700309682919798,0.896,0.927,0.896,122,-2,10,4,6,0.03,-0.34,13.23,0.82,0.19,0.06,77
643,0,127.598,76.48299999999999,1.6683184498516013,0.131,0.137,0.131,107,-1,9,4,5,-0.21,-0.75,11.03,0.57,0.07,0.15,81
644,0,159.649,82.62799999999999,1.9321416468993564,0.417,0.488,0.417,135,1,13,7,6,0.14,0.1,11.54,0.83,0.29,0.02,80
645,0,153.798,83.459,1.8427970620304581,0.068,0.075,0.068,133,2,10,6,4,0.1,-0.12,10.95,0.8,0.31,-0.08,75
646,0,137.656,78.42699999999999,1.7552118530608083,0.194,0.209,0.194,107,0,10,5,5,-0.01,-0.52,10.12,0.77,0.3,-0.05,81
647,0,160.559,82.198,1.9533200321175699,0.285,0.483,0.285,145,0,10,5,5,0.3,0.42,8.22,0.96,0.6,-0.31,77
648,0,146.061,81.941,1.7825142480565286,0.25,0.392,0.25,122,3,13,8,5,-0.1,-0.32,10.22,0.6,0.14,0.2,80
649,0,152.02,83.374,1.8233502050999115,0.355,0.438,0.355,97,2,10,6,4,0.19,0.3,9.52,0.9,0.47,-0.13,81
650,0,141.42,77.106,1.8340985137343397,0.474,0.641,0.474,126,1,11,6,5,-0.01,-0.15,10.75,0.68,0.19,0.08,82
651,0,143.479,77.98499999999999,1.8398281720843757,0.245,0.329,0.245,126,3,11,7,4,0.0,-0.24,10.92,0.66,0.17,0.09,83
652,0,160.268,80.283,1.996288130737516,0.392,0.496,0.392,153,-2,14,6,8,0.01,-0.39,13.54,0.85,0.2,0.08,81
653,0,155.199,78.101,1.9871576548315644,0.213,0.632,0.213,141,0,12,6,6,-0.09,-0.51,12.81,0.65,0.06,0.16,81
654,0,135.442,76.09899999999999,1.7798131381489906,0.358,0.633,0.358,127,1,11,6,5,0.06,-0.43,12.04,0.78,0.23,0.02,81
655,0,143.653,75.48599999999999,1.9030416236123255,0.422,0.517,0.422,116,1,9,5,4,0.18,-0.28,9.17,0.95,0.54,-0.26,78
656,0,173.922,78.87800000000001,2.2049494155531324,0.269,0.777,0.269,153,-4,18,7,11,-0.03,-0.49,13.45,0.8,0.15,0.09,76
657,0,154.054,77.34800000000001,1.9916998500284426,0.317,0.326,0.317,127,-1,9,4,5,0.28,0.44,7.72,0.95,0.6,-0.33,80
658,0,158.263,80.588,1.96385317913337,-0.034,0.177,-0.034,122,0,8,4,4,0.18,0.1,8.78,0.82,0.44,-0.23,78
659,0,142.463,82.554,1.7256946968045157,0.387,0.501,0.387,113,-2,10,4,6,0.1,-0.07,11.14,0.84,0.34,-0.05,77
660,0,172.571,81.49799999999999,2.1174875457066435,0.299,0.335,0.299,165,1,15,8,7,-0.04,-0.27,13.62,0.73,0.06,0.22,80
661,0,154.974,81.85900000000001,1.8931821791128645,0.483,0.47,0.483,137,-5,11,3,8,-0.01,-0.38,9.18,0.72,0.3,-0.02,82
662,0,152.995,83.73599999999999,1.8271113977261872,0.271,0.295,0.271,131,-2,12,5,7,0.04,-0.52,12.34,0.84,0.26,0.02,80
663,0,132.418,77.017,1.7193346923406523,0.478,0.483,0.478,102,-2,8,3,5,0.12,-0.07,9.29,0.88,0.46,-0.15,77
664,0,166.544,75.428,2.2079864241395772,-0.037,-0.037,-0.037,151,-1,11,5,6,0.05,0.16,10.84,0.77,0.27,0.09,83
665,0,156.76,81.28200000000001,1.9285942767156317,0.454,0.451,0.454,149,-3,15,6,9,-0.05,-0.54,12.83,0.73,0.12,0.14,80
666,0,168.21,78.107,2.1535841857964075,0.492,0.585,0.492,148,2,8,5,3,0.28,0.76,7.25,0.96,0.64,-0.3,79
667,0,150.776,80.994,1.861569992838976,0.049,0.25,0.049,119,-2,10,4,6,0.04,-0.38,12.9,0.77,0.17,0.09,81
668,0,168.898,81.518,2.071910498294855,0.799,0.999,0.799,133,-2,12,5,7,0.09,-0.66,13.05,0.82,0.21,-0.04,76
669,0,142.976,75.205,1.9011501894820824,-0.022,-0.062,-0.022,131,-1,11,5,6,0.11,-0.11,12.03,0.78,0.24,0.02,80
670,0,159.445,81.7,1.9515911872705016,0.067,0.074,0.067,119,2,10,6,4,0.26,0.44,9.51,1.04,0.58,-0.26,78
671,0,135.447,73.61099999999999,1.8400374943962183,-0.04,-0.026,-0.04,113,0,8,4,4,0.35,0.44,10.29,1.06,0.58,-0.29,79
672,0,131.565,71.96099999999998,1.8282819860757915,0.283,0.274,0.283,112,-1,11,5,6,0.11,-0.06,12.45,0.82,0.23,0.0,80
673,0,128.326,74.994,1.7111502253513613,0.223,0.474,0.223,104,2,10,6,4,0.19,-0.19,12.16,0.99,0.4,-0.15,78
674,0,135.406,73.91999999999999,1.8317911255411259,0.465,0.465,0.465,124,-1,11,5,6,0.27,0.16,13.38,1.0,0.36,-0.16,74
675,0,137.19,73.212,1.8738731355515488,0.82,1.012,0.82,105,-1,11,5,6,0.22,0.24,11.17,0.99,0.46,-0.21,78
676,0,147.941,83.832,1.7647318446416644,0.221,0.303,0.221,113,1,11,6,5,0.12,-0.13,10.94,0.79,0.29,-0.07,81
677,0,145.951,75.429,1.9349454453857269,0.928,0.932,0.928,118,0,12,6,6,0.11,-0.43,10.15,0.75,0.31,-0.11,77
678,0,156.537,83.43,1.8762675296655877,0.618,1.169,0.618,121,-1,13,6,7,0.11,-0.25,14.28,0.84,0.14,0.04,80
679,0,130.784,73.904,1.769647109764018,0.664,1.236,0.664,122,1,11,6,5,0.14,-0.23,13.76,0.84,0.18,0.02,79
680,0,191.55,92.30799999999999,2.0751180829397238,0.132,0.64,0.132,140,-1,13,6,7,0.03,-0.58,13.09,0.73,0.11,0.1,75
681,0,177.308,87.59100000000001,2.0242719000810583,0.182,0.519,0.182,150,-2,18,8,10,-0.03,-0.67,15.29,0.74,-0.01,0.19,81
682,0,179.055,87.637,2.043143877585951,0.229,0.363,0.229,165,-6,14,4,10,0.07,-0.08,10.46,0.82,0.33,-0.05,80
683,0,171.407,83.519,2.0523114500892015,-0.032,0.267,-0.032,136,-2,16,7,9,0.03,-0.65,15.22,0.81,0.07,0.15,75
684,0,164.562,84.15799999999999,1.9553934266498734,0.522,0.616,0.522,148,0,12,6,6,0.12,-0.2,10.63,0.76,0.28,-0.1,78
685,0,161.766,82.066,1.9711695464626031,-0.023,0.466,-0.023,147,0,16,8,8,-0.09,-0.64,14.87,0.7,-0.02,0.3,79
686,0,176.853,88.072,2.0080502316286677,0.707,0.832,0.707,162,0,14,7,7,0.06,-0.22,10.63,0.77,0.28,-0.01,79
687,0,178.0,87.293,2.0391096651506992,-0.038,0.294,-0.038,153,-2,16,7,9,-0.01,-0.24,12.28,0.81,0.22,0.09,80
688,0,171.667,84.06400000000002,2.0420988770460595,0.606,1.186,0.606,147,0,12,6,6,0.17,0.06,11.17,0.94,0.41,-0.16,79
689,0,175.37,82.619,2.1226352291845703,0.353,0.489,0.353,137,2,14,8,6,0.11,-0.3,12.97,0.84,0.22,0.03,77
690,0,147.033,78.83,1.8651909171635164,0.731,0.734,0.731,121,0,12,6,6,0.25,0.07,11.1,0.93,0.41,-0.18,80
691,0,192.639,86.94999999999999,2.2155146635997705,0.17,0.221,0.17,163,0,10,5,5,0.12,0.07,9.13,0.87,0.46,-0.1,80
692,0,157.581,79.64599999999999,1.9785174396705423,0.474,0.411,0.474,135,-1,13,6,7,0.15,-0.03,12.19,0.85,0.28,-0.09,79
693,0,153.696,76.06299999999999,2.0206407846127554,0.645,0.619,0.645,122,-1,11,5,6,-0.01,-0.45,11.27,0.72,0.2,0.01,77
694,0,183.476,86.972,2.109598491468519,0.403,0.554,0.403,154,0,14,7,7,0.13,-0.36,12.42,0.87,0.28,-0.07,75
695,0,164.142,82.694,1.9849324013834135,0.321,0.31,0.321,146,-2,14,6,8,-0.02,-0.82,11.54,0.76,0.23,0.03,76
696,0,151.388,83.35499999999999,1.8161837922140247,0.282,0.408,0.282,135,0,12,6,6,0.04,-0.57,12.46,0.82,0.23,0.04,79
697,0,152.947,81.707,1.8718959207901407,0.065,0.41,0.065,130,2,12,7,5,0.17,-0.13,12.5,0.87,0.3,-0.12,78
698,0,141.955,81.818,1.735009411132025,0.571,0.787,0.571,113,0,12,6,6,0.22,-0.09,13.39,0.96,0.32,-0.1,79
699,0,151.483,85.534,1.771026726214137,0.186,0.18,0.186,129,-2,10,4,6,0.06,-0.44,10.66,0.77,0.29,-0.01,81
700,0,164.831,84.57400000000001,1.9489559439071105,0.32,0.459,0.32,138,-1,9,4,5,0.06,-0.39,9.29,0.78,0.36,-0.11,80
701,0,143.429,79.03,1.8148677717322537,0.492,0.41,0.492,121,-3,11,4,7,0.33,0.4,8.85,1.1,0.69,-0.36,79
702,0,152.521,80.975,1.8835566532880519,0.378,0.456,0.378,143,-1,11,5,6,0.2,-0.05,11.03,0.88,0.37,-0.13,83
703,0,138.893,79.95600000000002,1.7371179148531688,0.184,0.184,0.184,126,2,10,6,4,0.02,-0.59,11.75,0.73,0.19,0.02,83
704,0,133.043,74.707,1.7808639083352298,0.507,0.7,0.507,103,0,10,5,5,0.06,-0.58,12.67,0.81,0.22,0.02,81
705,0,147.476,73.201,2.014671930711329,0.189,0.157,0.189,125,-1,13,6,7,0.06,-0.44,15.29,0.75,0.03,0.15,79
706,0,147.052,76.124,1.931742945720141,0.507,0.628,0.507,131,-1,11,5,6,0.15,-0.12,12.32,0.83,0.26,-0.02,82
707,0,140.564,75.101,1.8716661562429262,0.429,0.677,0.429,130,-1,13,6,7,0.09,-0.25,11.51,0.79,0.27,-0.02,81
708,0,159.956,75.951,2.1060420534291846,0.186,0.356,0.186,146,1,13,7,6,-0.03,-0.44,13.37,0.68,0.04,0.18,79
709,0,162.648,79.726,2.040087298999072,0.125,0.542,0.125,127,-1,7,3,4,0.28,0.68,7.19,1.0,0.67,-0.36,80
710,0,149.968,78.307,1.9151289156780362,0.165,0.411,0.165,133,-1,13,6,7,-0.12,-0.85,11.89,0.61,0.06,0.11,81
711,0,152.174,76.318,1.9939463822427215,0.35,0.412,0.35,131,-1,13,6,7,0.13,-0.07,11.89,0.93,0.36,-0.13,76
712,0,186.19,83.63900000000001,2.226114611604634,0.083,0.128,0.083,152,-2,16,7,9,-0.05,-0.64,14.1,0.7,0.02,0.16,79
713,0,147.322,78.257,1.8825408589646933,0.213,0.288,0.213,134,2,12,7,5,0.08,-0.56,10.99,0.87,0.36,-0.12,79
714,0,162.124,87.13,1.8607138758177437,0.156,0.299,0.156,133,2,14,8,6,0.0,-0.72,15.04,0.68,-0.02,0.12,78
715,0,153.003,77.18299999999999,1.9823406708731197,0.22,0.435,0.22,137,0,10,5,5,0.08,0.15,9.35,0.82,0.39,-0.09,80
716,0,146.119,81.43,1.7944123787301975,0.042,0.111,0.042,121,3,13,8,5,-0.01,-0.69,12.66,0.73,0.15,0.09,80
717,0,158.61,80.66399999999999,1.9663046712288015,-0.033,-0.019,-0.033,122,1,15,8,7,0.09,-0.3,13.15,0.91,0.28,-0.03,77
718,0,147.927,80.056,1.8477940441690817,0.047,0.545,0.047,120,2,16,9,7,0.02,-0.31,13.81,0.77,0.11,0.12,78
719,0,160.389,77.44500000000001,2.071005229517722,0.287,0.407,0.287,130,2,14,8,6,0.12,-0.27,12.56,0.81,0.23,-0.02,79
720,0,132.668,76.39099999999999,1.7366967312903356,0.22,0.465,0.22,95,1,13,7,6,0.01,-0.67,13.65,0.82,0.17,0.05,78
721,0,148.506,77.62799999999999,1.9130468387695165,0.474,0.724,0.474,123,2,14,8,6,0.13,-0.51,14.41,0.88,0.19,0.01,76
722,0,148.537,82.689,1.7963332486787846,-0.034,0.022,-0.034,126,5,13,9,4,0.05,-0.3,14.08,0.77,0.11,0.08,79
723,0,153.285,80.95700000000001,1.8934125523426013,0.476,0.72,0.476,119,3,15,9,6,0.11,-0.64,15.26,0.79,0.06,0.02,79
724,0,148.658,80.81700000000001,1.8394397218407015,0.636,0.915,0.636,130,2,12,7,5,0.17,-0.18,13.62,0.84,0.21,-0.02,80
725,0,167.47,84.358,1.9852296166338699,0.192,0.438,0.192,134,3,13,8,5,0.05,-0.39,14.66,0.74,0.05,0.07,80
726,0,138.906,76.012,1.8274219860022103,0.645,0.992,0.645,119,2,12,7,5,0.23,-0.15,14.19,0.89,0.22,-0.09,76
727,0,146.068,81.06299999999999,1.8019071586297082,0.269,0.32,0.269,111,2,12,7,5,0.25,0.03,13.59,0.97,0.32,-0.12,78
728,0,140.826,78.073,1.8037733915694287,0.666,0.68,0.666,110,3,11,7,4,0.25,-0.07,13.54,0.97,0.34,-0.16,79
729,0,164.044,84.845,1.933455124049738,0.221,0.473,0.221,150,-1,15,7,8,0.07,-0.19,14.25,0.85,0.16,0.07,79
730,0,150.995,85.512,1.7657755636635795,0.301,0.31,0.301,110,2,12,7,5,0.1,-0.49,14.85,0.8,0.09,0.05,77
731,0,150.634,88.173,1.708391457702471,0.466,0.484,0.466,123,5,11,8,3,0.03,-0.49,11.73,0.77,0.23,-0.02,79
732,0,165.881,81.945,2.0242967844285804,-0.021,-0.117,-0.021,137,1,15,8,7,-0.02,-0.62,14.7,0.7,0.01,0.19,79
733,0,148.198,80.608,1.8385023818975783,0.28,0.536,0.28,123,3,13,8,5,0.17,-0.12,13.94,0.82,0.17,0.01,82
734,0,171.434,85.18299999999999,2.0125377129239403,0.472,0.488,0.472,138,0,14,7,7,0.09,-0.2,13.58,0.79,0.15,0.04,78
735,0,167.142,91.40899999999999,1.8285070397882048,0.743,0.738,0.743,136,-2,10,4,6,0.24,0.17,8.46,0.94,0.56,-0.29,75
736,0,134.341,78.35300000000001,1.7145610251043355,0.371,0.407,0.371,104,-2,10,4,6,0.05,-0.1,10.83,0.71,0.22,0.01,81
737,0,150.385,77.32,1.9449689601655458,-0.041,0.139,-0.041,142,0,12,6,6,-0.12,-0.76,11.45,0.55,0.04,0.14,79
738,0,171.312,83.162,2.0599793174767322,0.214,0.211,0.214,150,-2,14,6,8,-0.13,-0.55,10.65,0.65,0.16,0.15,78
739,0,182.315,81.091,2.24827662749257,0.131,0.227,0.131,160,-1,17,8,9,-0.08,-0.47,14.19,0.69,0.01,0.21,79
740,0,153.09,76.53,2.000392003136025,0.301,0.216,0.301,140,2,12,7,5,0.12,-0.07,11.65,0.79,0.26,-0.08,75
741,0,141.139,76.79299999999999,1.8379149141197768,0.218,0.572,0.218,120,-1,13,6,7,-0.09,-0.52,13.1,0.73,0.1,0.13,76
742,0,134.519,74.857,1.7970129713988006,0.286,0.425,0.286,103,1,13,7,6,0.1,-0.22,15.89,0.86,0.08,0.1,79
743,0,138.715,72.715,1.9076531664718421,0.342,0.675,0.342,115,3,11,7,4,0.12,-0.34,11.23,0.86,0.34,-0.1,80
744,0,130.609,73.811,1.7695059002045765,0.071,0.682,0.071,106,2,8,5,3,0.31,0.14,10.36,1.05,0.58,-0.31,81
745,0,135.127,76.172,1.7739720632253324,0.326,0.407,0.326,123,-1,13,6,7,-0.03,-0.45,12.93,0.71,0.09,0.11,78
746,0,148.266,77.46199999999999,1.9140481784616976,0.423,0.825,0.423,133,-2,16,7,9,-0.08,-0.52,15.89,0.74,-0.04,0.25,77
747,0,139.748,77.587,1.8011780324023352,0.587,1.04,0.587,123,3,11,7,4,0.05,-0.01,11.86,0.79,0.22,0.02,77
748,0,139.518,80.679,1.729297586732607,0.42,0.467,0.42,116,2,16,9,7,0.02,-0.53,15.79,0.79,0.03,0.16,78
749,0,157.723,78.333,2.0134936744411682,0.341,0.416,0.341,121,1,13,7,6,0.17,-0.2,14.69,0.89,0.19,-0.01,78
750,0,145.225,75.27000000000001,1.929387538195828,0.043,0.782,0.043,124,0,12,6,6,0.05,-0.33,12.55,0.8,0.2,0.04,78
751,0,142.818,77.422,1.844669473792979,0.008,0.281,0.008,127,-2,14,6,8,0.24,-0.12,14.3,0.95,0.27,-0.12,75
752,0,149.626,74.991,1.9952527636649733,0.583,0.709,0.583,119,-4,14,5,9,-0.03,-0.27,13.63,0.84,0.16,0.2,81
753,0,157.502,78.87700000000001,1.9968051523257728,0.381,0.344,0.381,121,-2,14,6,8,0.14,-0.09,13.17,0.95,0.32,-0.09,77
754,0,157.663,79.02199999999999,1.9951785578699606,0.323,0.373,0.323,117,1,15,8,7,-0.01,-0.54,14.27,0.79,0.12,0.09,77
755,0,141.491,78.536,1.80160690638688,0.706,0.755,0.706,121,-3,13,5,8,0.04,-0.06,10.95,0.77,0.26,-0.02,80
756,0,136.191,75.166,1.8118697283346195,0.41,0.757,0.41,111,0,12,6,6,0.07,-0.15,12.4,0.83,0.25,0.01,77
757,0,135.531,78.331,1.7302345176239293,0.114,0.13,0.114,120,-2,12,5,7,-0.06,-0.69,15.83,0.68,-0.07,0.21,78
758,0,146.04,80.131,1.8225156306548027,0.246,0.772,0.246,125,0,12,6,6,0.18,0.2,11.91,0.93,0.37,-0.07,78
759,0,126.916,75.129,1.6893077240479706,0.17,0.221,0.17,104,-2,10,4,6,-0.04,-0.62,13.87,0.75,0.1,0.03,80
760,0,140.763,77.649,1.8128114978943708,0.157,0.567,0.157,114,-3,11,4,7,0.16,-0.17,12.13,0.97,0.39,-0.11,81
761,0,147.323,79.708,1.848283735635068,0.823,0.812,0.823,124,-6,16,5,11,0.14,0.16,14.24,0.99,0.3,-0.06,77
762,0,158.033,72.578,2.17742291052385,0.197,0.71,0.197,128,1,15,8,7,0.2,-0.12,15.9,0.99,0.22,-0.09,78
763,0,122.111,77.16,1.5825686884396062,0.695,0.744,0.695,118,-1,11,5,6,0.1,-0.14,10.11,0.83,0.37,-0.14,79
764,0,141.115,73.048,1.931811959259665,0.182,0.541,0.182,113,3,9,6,3,0.26,-0.04,11.68,1.11,0.55,-0.29,78
765,0,166.314,78.28999999999999,2.1243326095286754,0.465,1.05,0.465,141,-8,20,6,14,-0.13,-0.93,17.36,0.77,-0.08,0.29,78
766,0,160.785,73.67699999999999,2.182295696078831,0.468,0.469,0.468,137,3,15,9,6,0.2,0.43,11.98,1.01,0.43,-0.12,79
767,0,145.306,75.578,1.9225965227976396,0.431,0.393,0.431,135,3,13,8,5,0.18,-0.19,9.88,0.95,0.51,-0.19,79
768,0,148.395,74.775,1.9845536609829488,0.329,0.393,0.329,119,0,10,5,5,0.11,-0.72,12.81,0.94,0.35,-0.12,78
769,0,158.49,76.243,2.0787482129506976,0.549,0.534,0.549,155,1,19,10,9,-0.1,-0.62,16.12,0.71,-0.08,0.24,76
770,0,171.74,79.09899999999999,2.171203175767077,0.322,0.523,0.322,174,-3,17,7,10,0.0,-0.58,12.85,0.82,0.21,0.07,79
771,0,132.133,76.565,1.7257624240841116,0.381,0.664,0.381,119,2,8,5,3,-0.04,-0.45,12.92,0.69,0.09,0.15,81
772,0,138.978,75.292,1.8458534771290442,0.361,0.531,0.361,122,0,8,4,4,0.14,-0.04,10.33,0.92,0.45,-0.17,79
773,0,161.974,75.06800000000001,2.157697021367293,-0.016,-0.016,-0.016,142,-1,13,6,7,0.07,-0.25,10.93,0.73,0.23,-0.02,79
774,0,139.632,78.412,1.7807478447176452,0.272,0.275,0.272,105,-1,11,5,6,0.18,0.16,11.62,0.98,0.42,-0.1,78
775,0,143.778,76.16900000000001,1.8876183224146303,0.082,0.08,0.082,122,-3,13,5,8,0.14,0.15,10.67,0.91,0.41,-0.08,80
776,0,149.471,74.66899999999998,2.0017811943376773,0.231,0.279,0.231,125,-3,13,5,8,0.17,0.48,10.16,0.91,0.42,-0.11,82
777,0,141.291,76.572,1.8452045133991537,0.336,0.455,0.336,118,-3,15,6,9,0.09,-0.26,13.49,0.83,0.19,0.02,81
778,0,145.405,77.654,1.8724727637983878,0.309,0.714,0.309,122,-4,14,5,9,0.1,-0.07,14.73,0.96,0.23,0.07,80
779,0,151.671,80.616,1.8814007144983624,0.54,0.83,0.54,139,3,11,7,4,0.16,-0.07,9.88,0.86,0.43,-0.14,81
780,0,153.171,75.889,2.018355756433739,0.376,0.593,0.376,162,-3,19,8,11,-0.15,-0.87,16.49,0.68,-0.14,0.34,79
781,0,131.686,76.417,1.723255296596307,0.29,0.578,0.29,110,-1,11,5,6,0.2,0.02,12.75,0.96,0.36,-0.17,79
782,0,134.897,76.534,1.7625761099641986,0.227,0.52,0.227,114,-1,13,6,7,0.12,-0.16,12.3,0.84,0.27,-0.07,79
783,0,146.458,81.58500000000001,1.7951584237298521,0.308,0.286,0.308,125,-1,11,5,6,0.02,-0.56,11.83,0.88,0.32,0.02,79
784,0,174.825,83.821,2.0856945156941578,0.753,0.679,0.753,158,-4,20,8,12,0.13,-0.11,14.63,0.92,0.21,0.06,79
785,0,116.913,71.303,1.6396645302441692,0.411,0.894,0.411,110,0,12,6,6,0.16,0.32,11.68,0.94,0.38,-0.08,79
786,0,118.141,70.718,1.6705930597584773,0.449,0.446,0.449,102,1,11,6,5,0.15,0.18,13.25,0.89,0.25,-0.05,79
787,0,139.054,73.60300000000001,1.8892436449601238,0.277,0.454,0.277,114,-1,9,4,5,0.14,-0.39,10.34,0.81,0.35,-0.15,77
788,0,129.78,70.083,1.8518042891999487,0.331,0.76,0.331,110,0,12,6,6,0.14,-0.19,12.59,0.89,0.29,-0.05,78
789,0,124.15,74.043,1.6767283875585808,0.199,0.202,0.199,100,-3,11,4,7,0.06,-0.13,14.47,0.85,0.15,0.06,79
790,0,145.128,73.897,1.9639227573514484,0.18,0.151,0.18,129,1,13,7,6,0.25,0.13,11.95,1.0,0.42,-0.17,77
791,0,123.25,74.197,1.6611183740582502,0.943,1.106,0.943,110,1,11,6,5,0.05,-0.19,12.76,0.79,0.18,0.05,79
792,0,131.596,74.79899999999999,1.7593283332664877,0.622,1.145,0.622,120,-3,13,5,8,-0.04,-0.78,14.15,0.7,0.01,0.15,83
793,0,137.757,76.94800000000001,1.7902609554504338,0.011,0.424,0.011,115,1,13,7,6,0.1,-0.24,13.84,0.83,0.16,0.03,80
794,0,128.791,76.299,1.6879775619601827,0.47,0.673,0.47,114,-1,13,6,7,0.14,0.26,11.28,0.92,0.38,-0.11,80
795,0,152.024,81.07400000000001,1.8751264277080195,0.086,0.28,0.086,128,-3,15,6,9,-0.09,-0.77,12.51,0.66,0.07,0.15,77
796,0,151.621,81.537,1.8595361614972343,0.336,0.907,0.336,137,-3,13,5,8,-0.03,-0.71,13.77,0.81,0.14,0.1,79
797,0,148.637,84.743,1.7539737795452133,0.213,0.406,0.213,108,-2,12,5,7,0.2,0.09,12.5,0.99,0.39,-0.12,81
798,0,140.359,75.463,1.8599711116706203,0.212,0.365,0.212,129,-2,14,6,8,0.07,-0.08,13.95,0.86,0.19,0.07,78
799,0,130.513,73.11000000000001,1.7851593489262751,0.286,0.98,0.286,103,-4,12,4,8,0.21,0.47,11.36,1.01,0.45,-0.11,79
800,0,137.909,75.702,1.8217352249610312,0.031,0.456,0.031,114,-4,14,5,9,0.05,-0.56,13.95,0.89,0.21,0.01,77
801,0,141.787,71.67999999999999,1.9780552455357145,0.654,1.328,0.654,114,-4,14,5,9,-0.1,-1.11,17.39,0.73,-0.13,0.32,78
802,0,133.884,75.292,1.7781968867874407,0.223,0.233,0.223,112,2,14,8,6,0.23,0.15,14.57,1.05,0.33,-0.08,77
803,0,156.314,81.75300000000001,1.9120276931733389,0.601,1.389,0.601,121,0,12,6,6,0.09,-0.14,11.02,0.83,0.31,-0.04,79
804,0,131.73,77.07399999999998,1.7091366738459146,0.463,0.567,0.463,113,0,12,6,6,0.07,-0.36,14.67,0.84,0.13,0.1,81
805,0,133.936,71.202,1.881070756439426,0.363,0.497,0.363,104,0,12,6,6,0.16,0.02,14.77,0.92,0.19,0.02,77
806,0,175.458,81.69900000000001,2.1476150258877094,0.36,1.238,0.36,150,-4,12,4,8,0.16,0.24,11.14,0.97,0.44,-0.1,78
807,0,157.278,75.274,2.089406700852884,1.045,1.432,1.045,123,-2,12,5,7,0.13,-0.01,12.9,0.88,0.26,-0.03,79
808,0,181.36,85.744,2.1151334204142564,-0.001,-0.007,-0.001,158,-1,13,6,7,0.0,-0.31,11.02,0.69,0.19,0.12,83
809,0,126.906,73.417,1.728564228993285,0.536,0.567,0.536,109,-2,10,4,6,-0.02,-0.43,13.64,0.76,0.1,0.16,79
810,0,142.785,77.23599999999999,1.8486845512455334,0.456,0.57,0.456,120,-1,13,6,7,0.0,-0.61,16.24,0.83,0.03,0.12,77
811,0,129.498,78.285,1.6541866257903812,0.01,0.01,0.01,104,-1,11,5,6,0.14,0.28,9.9,0.88,0.42,-0.09,81
812,0,148.355,77.91999999999999,1.9039399383983575,0.253,0.745,0.253,138,-3,17,7,10,-0.22,-1.24,16.18,0.65,-0.14,0.36,79
813,0,158.609,76.99000000000001,2.060124691518379,0.3,0.301,0.3,158,5,9,7,2,0.07,-0.1,8.97,0.74,0.36,-0.06,82
814,0,129.957,75.645,1.7179853261947253,0.557,0.519,0.557,108,-2,12,5,7,-0.19,-1.04,13.91,0.54,-0.12,0.29,79
815,0,135.674,75.728,1.7915962391717728,0.642,0.628,0.642,100,0,10,5,5,-0.18,-0.81,13.82,0.61,-0.06,0.24,83
816,0,157.001,79.963,1.9634205820191841,0.398,0.351,0.398,136,-2,18,8,10,-0.09,-0.81,15.07,0.68,-0.05,0.23,83
817,0,142.009,77.314,1.836782471479939,0.43,0.597,0.43,103,2,10,6,4,0.11,-0.1,13.39,0.84,0.22,-0.01,77
818,0,119.876,72.889,1.6446377368327183,1.448,1.45,1.448,100,-3,11,4,7,0.13,0.14,13.42,0.94,0.29,-0.01,80
819,0,141.119,80.399,1.755233274045697,0.336,0.811,0.336,100,-2,10,4,6,0.04,-0.27,15.5,0.78,0.03,0.17,79
820,0,142.233,74.66499999999999,1.9049487711779283,0.451,0.435,0.451,114,3,13,8,5,0.17,0.33,11.55,0.92,0.39,-0.12,82
821,0,142.117,76.046,1.8688293927359754,0.725,1.026,0.725,110,2,12,7,5,0.07,-0.3,12.96,0.84,0.24,0.0,78
822,0,151.901,76.989,1.973022120043123,0.725,0.666,0.725,127,0,12,6,6,0.12,-0.05,13.15,0.84,0.22,0.01,77
823,0,195.116,85.852,2.2727018590131856,0.62,0.623,0.62,162,2,10,6,4,0.16,-0.02,10.84,0.83,0.34,-0.08,77
824,0,150.162,81.54499999999999,1.8414617695750817,0.548,0.741,0.548,114,1,7,4,3,0.2,-0.09,8.23,0.84,0.48,-0.22,79
825,0,157.458,78.72,2.000228658536585,0.113,0.605,0.113,125,-2,14,6,8,-0.09,-0.7,14.07,0.7,0.02,0.17,72
826,0,183.304,89.211,2.054724193204874,0.257,0.257,0.257,163,2,12,7,5,0.07,-0.06,11.63,0.81,0.27,-0.01,78
827,0,166.629,83.74700000000001,1.9896712718067509,0.182,0.302,0.182,121,0,6,3,3,0.06,-0.04,8.05,0.72,0.38,-0.15,74
828,0,166.358,82.22300000000001,2.0232538340853528,0.277,0.277,0.277,133,-4,12,4,8,-0.09,-0.27,11.41,0.68,0.14,0.17,80
829,0,152.285,82.674,1.8419938553837965,0.188,0.153,0.188,121,-7,9,1,8,-0.11,-0.39,9.16,0.61,0.19,0.11,80
830,0,155.262,82.717,1.877026487904542,-0.032,0.641,-0.032,127,-4,12,4,8,0.1,-0.39,11.65,0.92,0.37,-0.07,78
831,0,193.826,85.58699999999999,2.2646663628822137,-0.161,-0.22,-0.161,162,1,13,7,6,0.08,-0.06,9.59,0.89,0.44,-0.1,80
832,0,176.728,81.757,2.1616253042552933,0.378,0.366,0.378,125,1,9,5,4,0.02,-0.39,7.03,0.72,0.44,-0.15,79
833,0,164.147,78.537,2.0900594624189868,0.183,0.105,0.183,146,-4,12,4,8,-0.04,-0.39,9.94,0.7,0.24,0.04,78
834,0,163.578,92.455,1.769271537504732,-0.086,0.29,-0.086,132,-3,11,4,7,-0.03,-0.71,11.54,0.72,0.19,0.09,83
835,0,147.981,83.444,1.773416902353674,0.129,0.352,0.129,116,1,13,7,6,-0.02,-0.65,11.23,0.72,0.2,0.07,79
836,0,167.387,86.63900000000001,1.9320052170500581,0.502,0.79,0.502,136,0,14,7,7,-0.13,-0.79,11.77,0.54,0.0,0.16,80
837,0,163.826,82.549,1.9845909702116316,-0.012,-0.011,-0.012,140,3,9,6,3,0.21,0.39,7.58,0.99,0.66,-0.24,79
838,0,153.051,81.25,1.8837046153846153,0.23,0.223,0.23,136,-1,11,5,6,0.04,-0.05,10.23,0.78,0.31,-0.04,83
839,0,157.949,82.939,1.9043996189970946,0.214,0.161,0.214,134,0,14,7,7,0.08,-0.32,13.6,0.85,0.19,0.01,75
840,0,134.131,79.074,1.6962718466246807,0.373,0.523,0.373,121,2,12,7,5,-0.04,-0.53,12.83,0.73,0.13,0.13,80
841,0,154.928,83.572,1.8538266405016033,0.021,0.521,0.021,142,0,14,7,7,-0.08,-0.48,11.42,0.61,0.09,0.16,78
842,0,148.033,80.308,1.843315734422473,0.576,0.669,0.576,119,1,11,6,5,0.13,0.05,11.19,0.87,0.35,-0.1,79
843,0,158.598,80.564,1.9685963954123433,0.261,0.536,0.261,141,1,9,5,4,0.41,0.65,8.59,1.14,0.74,-0.44,79
844,0,162.527,80.89699999999999,2.009060904607093,0.184,0.706,0.184,140,0,8,4,4,0.27,0.42,8.04,1.01,0.66,-0.37,77
845,0,164.525,80.35400000000001,2.047502302312268,0.423,0.418,0.423,136,-2,12,5,7,0.25,0.27,10.66,1.03,0.53,-0.24,76
846,0,136.704,79.429,1.7210842387541074,0.265,0.263,0.265,110,-3,13,5,8,-0.01,-0.74,15.47,0.84,0.08,0.16,73
847,0,162.406,83.362,1.9482018185744105,0.35,0.856,0.35,137,3,7,5,2,0.22,0.37,7.0,0.86,0.57,-0.27,79
848,0,144.767,85.52499999999999,1.6926863490207542,0.237,0.339,0.237,119,1,7,4,3,0.16,0.17,8.18,0.86,0.51,-0.17,81
849,0,162.46,82.02699999999999,1.98056737415729,0.135,0.127,0.135,131,3,13,8,5,0.1,-0.29,12.09,0.81,0.25,0.0,75
850,0,149.694,79.077,1.8930156682726962,0.448,0.454,0.448,119,2,12,7,5,0.42,0.06,11.99,1.2,0.65,-0.38,73
851,0,136.45,78.302,1.742611938392378,0.614,0.647,0.614,120,2,10,6,4,0.1,-0.27,9.29,0.79,0.38,-0.11,79
852,0,151.169,79.887,1.8922853530611992,0.054,0.516,0.054,122,2,8,5,3,0.12,-0.16,9.79,0.83,0.41,-0.12,79
853,0,154.912,77.165,2.0075422795308753,0.441,0.648,0.441,115,3,13,8,5,0.08,-0.58,11.94,0.79,0.24,-0.02,78
854,0,152.939,81.717,1.8715689513809854,0.013,-0.014,0.013,126,1,11,6,5,0.06,-0.12,11.13,0.74,0.22,0.03,79
855,0,130.354,76.95500000000001,1.6938990319017606,0.128,0.349,0.128,112,-1,11,5,6,0.07,-0.24,11.93,0.79,0.23,0.03,77
856,0,166.757,83.197,2.0043631380939217,-0.037,0.592,-0.037,145,-1,13,6,7,0.0,-0.06,11.54,0.74,0.2,0.13,81
857,0,137.109,80.96300000000001,1.6934772673937477,0.083,0.378,0.083,110,-1,11,5,6,0.09,0.13,10.65,0.83,0.34,-0.07,77
858,0,158.423,82.038,1.9310929081645092,0.538,0.582,0.538,113,3,11,7,4,-0.04,-0.41,10.0,0.71,0.25,0.0,78
859,0,145.765,77.848,1.8724308909670124,0.386,0.362,0.386,128,4,12,8,4,-0.13,-0.66,12.46,0.61,0.03,0.18,80
860,0,173.374,76.083,2.2787482091925924,0.354,0.378,0.354,157,2,18,10,8,-0.16,-0.94,13.72,0.57,-0.07,0.24,79
861,0,163.627,79.459,2.0592632678488276,0.155,0.173,0.155,150,-3,17,7,10,-0.07,-0.72,13.66,0.7,0.05,0.12,81
862,0,142.878,81.622,1.750483938153929,0.403,0.357,0.403,129,1,13,7,6,-0.05,-0.86,14.78,0.69,-0.02,0.16,81
863,0,145.87,79.179,1.842281413000922,0.366,0.4,0.366,129,0,12,6,6,0.05,-0.53,13.56,0.81,0.16,0.04,76
864,0,172.189,81.338,2.1169564041407463,0.474,0.492,0.474,149,-1,15,7,8,0.19,0.26,12.08,0.95,0.36,-0.11,81
865,0,135.599,79.55600000000001,1.7044471818593188,0.071,0.504,0.071,114,2,12,7,5,0.06,-0.29,13.64,0.75,0.1,0.07,80
866,0,138.219,78.802,1.7540037054897082,0.038,0.75,0.038,115,-1,13,6,7,0.0,-0.58,13.44,0.72,0.08,0.09,81
867,0,162.311,77.089,2.1055014334081386,-0.015,0.352,-0.015,131,1,13,7,6,0.16,-0.26,12.5,0.88,0.3,-0.11,79
868,0,161.548,77.877,2.0743993733708286,0.308,0.644,0.308,136,4,12,8,4,0.04,-0.55,10.0,0.78,0.34,-0.09,79
869,0,141.246,79.98499999999999,1.765906107395137,0.369,0.259,0.369,124,1,11,6,5,-0.09,-0.66,10.55,0.64,0.16,0.07,80
870,0,152.979,81.809,1.8699531836350527,0.085,0.519,0.085,117,3,13,8,5,0.16,-0.32,15.09,0.87,0.15,0.02,76
871,0,171.685,83.595,2.0537711585621152,0.161,0.652,0.161,141,1,13,7,6,0.05,-0.41,12.35,0.78,0.19,0.03,81
872,0,171.063,80.98499999999999,2.112280051861456,0.422,0.418,0.422,158,2,14,8,6,0.02,-0.27,12.19,0.78,0.2,0.05,80
873,0,151.98,81.024,1.875740521327014,0.005,0.29,0.005,128,-1,9,4,5,0.34,0.25,9.43,1.12,0.67,-0.36,81
874,0,169.284,85.22899999999998,1.9862253458329913,-0.007,-0.125,-0.007,136,1,13,7,6,0.04,-0.6,11.71,0.84,0.29,-0.05,78
875,0,148.472,78.40299999999999,1.8937030470772804,0.218,0.191,0.218,128,-2,10,4,6,0.24,0.23,9.09,0.99,0.56,-0.29,79
876,0,187.711,85.24600000000001,2.2019918823170586,0.343,0.34,0.343,153,3,13,8,5,0.04,-0.4,12.71,0.77,0.17,0.01,78
877,0,137.423,79.868,1.7206265337807383,0.452,0.48,0.452,102,0,12,6,6,0.04,-0.41,11.4,0.79,0.26,-0.04,77
878,0,165.01,83.76400000000001,1.9699393534215173,0.327,0.405,0.327,133,6,10,8,2,0.08,-0.27,12.68,0.84,0.25,-0.01,76
879,0,187.625,84.411,2.222755328097049,0.261,0.279,0.261,166,5,9,7,2,0.16,0.03,9.15,0.9,0.48,-0.18,80
880,0,174.67,89.181,1.958601047308283,0.269,0.269,0.269,138,-4,14,5,9,-0.25,-0.99,14.26,0.49,-0.18,0.35,79
881,0,164.77,83.867,1.9646583280670586,0.257,0.26,0.257,136,-3,15,6,9,-0.05,-0.65,15.27,0.72,-0.03,0.2,80
882,0,139.196,79.87,1.7427820207837734,0.221,0.264,0.221,122,-4,10,3,7,0.07,-0.25,10.07,0.79,0.33,-0.06,80
883,0,156.08,83.16300000000001,1.876796171374289,0.548,0.521,0.548,125,2,14,8,6,0.13,-0.06,11.58,0.81,0.27,-0.05,76
884,0,159.714,77.796,2.0529847292919943,0.242,0.088,0.242,127,0,10,5,5,0.37,0.52,11.02,1.11,0.58,-0.33,81
885,0,144.174,81.13600000000001,1.7769424176690987,0.382,0.446,0.382,116,-2,14,6,8,-0.11,-1.06,15.52,0.7,-0.04,0.22,77
886,0,135.02,79.288,1.702905862173343,0.649,0.906,0.649,111,0,10,5,5,-0.17,-0.97,11.6,0.56,0.05,0.13,79
887,0,151.361,79.26500000000001,1.9095565508105716,0.06,0.064,0.06,149,2,10,6,4,0.04,-0.27,9.61,0.77,0.36,-0.09,77
888,0,183.101,85.089,2.1518762707282963,0.077,0.373,0.077,156,3,13,8,5,-0.04,-0.66,12.36,0.7,0.12,0.07,80
889,0,157.237,81.74100000000001,1.9236001516986576,0.098,0.091,0.098,138,2,12,7,5,-0.04,-0.58,10.39,0.75,0.26,0.04,82
890,0,170.207,82.59299999999999,2.0607920768103836,-0.017,-0.042,-0.017,144,-4,14,5,9,-0.27,-0.97,12.86,0.48,-0.12,0.32,79
891,0,145.728,83.454,1.7462074915522325,0.382,0.589,0.382,129,-5,11,3,8,-0.1,-0.77,8.85,0.68,0.28,0.0,78
892,0,147.702,81.37,1.8151898734177214,0.142,0.28,0.142,140,0,14,7,7,-0.23,-0.98,14.99,0.56,-0.16,0.39,82
893,0,147.87,84.315,1.7537804661092333,0.136,0.37,0.136,126,1,11,6,5,-0.15,-0.84,12.11,0.55,0.0,0.2,81
894,0,164.208,83.722,1.9613482716609734,0.147,0.424,0.147,137,-1,11,5,6,-0.11,-0.52,10.94,0.58,0.07,0.19,79
895,0,169.108,87.24000000000001,1.9384227418615312,0.061,0.141,0.061,116,5,11,8,3,-0.09,-0.77,13.64,0.64,-0.01,0.17,81
896,0,163.864,86.263,1.8995861493340134,0.429,0.429,0.429,130,-1,13,6,7,0.14,0.04,13.26,0.95,0.31,-0.08,77
897,0,139.039,83.54599999999999,1.664220908242166,0.478,0.525,0.478,131,-3,7,2,5,0.01,-0.36,9.2,0.7,0.29,-0.02,81
898,0,186.759,90.207,2.070338222089195,0.403,0.409,0.403,144,2,12,7,5,0.31,-0.2,11.61,1.05,0.5,-0.26,79
899,0,171.991,87.434,1.9670951803646182,0.459,0.504,0.459,139,-3,15,6,9,0.16,0.32,11.39,0.91,0.36,-0.1,80
900,0,153.361,86.477,1.7734310857222149,0.562,0.955,0.562,117,1,13,7,6,0.01,-0.36,12.96,0.8,0.19,0.05,77
901,0,156.563,87.339,1.7925897937920057,0.702,0.727,0.702,131,3,15,9,6,0.13,-0.29,13.08,0.94,0.32,-0.1,75
902,0,160.476,86.458,1.856115107913669,1.033,1.014,1.033,139,-1,15,7,8,0.0,-0.5,14.36,0.79,0.11,0.05,79
903,0,144.722,82.94,1.7448999276585484,0.513,0.481,0.513,128,1,7,4,3,0.19,0.23,8.05,0.93,0.56,-0.28,77
904,0,186.095,90.32300000000001,2.0603279341917338,-0.049,0.233,-0.049,155,0,18,9,9,0.09,-0.23,14.43,0.86,0.17,0.07,79
905,0,149.65,81.745,1.8306930087467124,0.149,0.596,0.149,140,-6,12,3,9,-0.09,-0.46,9.98,0.65,0.19,0.11,79
906,0,150.631,84.52799999999999,1.7820248911603258,0.473,0.896,0.473,128,-3,9,3,6,-0.27,-0.77,9.64,0.45,0.01,0.27,82
907,0,160.424,84.23500000000001,1.9044815100611383,-0.05,0.163,-0.05,136,1,9,5,4,0.21,0.48,5.96,0.95,0.7,-0.21,78
908,0,165.343,92.303,1.7913068914336479,0.219,0.313,0.219,124,4,12,8,4,0.07,-0.2,14.12,0.82,0.14,0.11,79
909,0,168.465,87.666,1.9216686058449115,0.183,0.661,0.183,140,0,10,5,5,0.13,0.06,9.37,0.88,0.45,-0.14,75
910,0,143.523,82.324,1.743391963461445,0.74,1.104,0.74,112,3,15,9,6,-0.01,-0.72,15.3,0.82,0.08,0.09,77
911,0,146.821,84.968,1.7279564071179738,0.279,0.275,0.279,116,-2,12,5,7,-0.08,-0.74,13.39,0.78,0.15,0.08,80
912,0,176.278,88.964,1.9814531720696011,1.067,1.167,1.067,143,-1,9,4,5,0.04,-0.29,9.29,0.8,0.38,-0.14,78
913,0,174.035,88.326,1.9703711251500127,0.859,1.03,0.859,148,-4,14,5,9,-0.18,-0.88,12.52,0.59,0.01,0.22,80
914,0,180.493,86.857,2.0780478257365553,0.763,0.866,0.763,164,-1,15,7,8,0.14,-0.21,12.33,0.92,0.34,-0.1,75
915,0,163.761,84.82999999999998,1.9304609218436877,0.588,0.595,0.588,123,1,11,6,5,0.12,-0.09,10.51,0.85,0.37,-0.12,77
916,0,162.794,87.755,1.8550965756936928,-0.159,-0.162,-0.159,142,-5,11,3,8,-0.19,-0.86,9.07,0.57,0.16,0.13,78
917,0,181.455,81.223,2.234034694606208,-0.028,-0.064,-0.028,149,3,19,11,8,0.03,-0.3,15.65,0.82,0.05,0.16,78
918,0,182.19,83.167,2.19065254247478,0.035,0.032,0.035,169,0,14,7,7,0.07,-0.08,11.85,0.85,0.3,-0.04,79
919,0,143.568,84.413,1.7007806854394467,0.48,0.474,0.48,135,-7,11,2,9,-0.17,-0.46,10.82,0.55,0.04,0.23,81
920,0,176.716,87.232,2.025816214233309,0.779,0.667,0.779,157,1,15,8,7,0.04,-0.08,10.55,0.76,0.28,0.01,80
921,0,156.199,84.761,1.8428168615282974,0.231,0.513,0.231,124,1,9,5,4,0.18,0.18,9.16,0.88,0.47,-0.16,79
922,0,182.094,86.86899999999999,2.096190816056361,0.374,0.467,0.374,152,3,15,9,6,-0.07,-0.51,11.81,0.68,0.15,0.03,76
923,0,189.436,84.75399999999999,2.235127545602568,0.194,0.558,0.194,162,4,12,8,4,0.14,0.27,8.77,0.85,0.46,-0.24,74
924,0,167.142,81.99499999999999,2.038441368376121,0.292,0.291,0.292,140,3,11,7,4,0.04,-0.22,9.25,0.78,0.36,-0.09,79
925,0,178.434,84.822,2.103628775553512,0.474,0.63,0.474,142,-2,10,4,6,0.27,0.41,9.13,0.98,0.57,-0.31,76
926,0,179.883,89.88499999999999,2.001257161929132,-0.048,0.723,-0.048,142,-3,13,5,8,0.07,0.05,10.61,0.89,0.39,-0.12,77
927,0,161.406,87.63000000000002,1.8419034577199584,0.384,0.363,0.384,133,-1,11,5,6,0.2,0.05,10.25,0.83,0.36,-0.11,77
928,0,161.723,80.55,2.0077343265052763,0.611,1.047,0.611,150,0,10,5,5,0.14,0.22,6.61,0.86,0.59,-0.2,78
929,0,158.753,83.78299999999999,1.8948115966246137,0.01,0.155,0.01,141,-1,13,6,7,0.1,-0.01,10.29,0.88,0.4,-0.09,78
930,0,152.647,81.337,1.8767227706947636,0.132,0.634,0.132,127,-2,12,5,7,0.04,-0.5,11.08,0.9,0.39,-0.12,78
931,0,151.705,80.33500000000001,1.8884048048795667,0.707,0.712,0.707,138,0,10,5,5,0.13,0.05,10.9,0.88,0.38,-0.08,80
932,0,148.581,78.277,1.898143771478212,0.061,0.117,0.061,134,-1,9,4,5,0.11,0.13,9.2,0.84,0.42,-0.1,79
933,0,165.329,85.123,1.942236528317846,0.253,0.557,0.253,157,-3,13,5,8,-0.08,-0.39,9.24,0.59,0.19,0.06,81
934,0,147.848,81.19,1.8210124399556598,0.566,0.696,0.566,133,1,9,5,4,0.16,-0.05,10.62,0.92,0.43,-0.19,77
935,0,181.769,91.85900000000001,1.9787826995721702,1.539,1.558,1.539,144,2,12,7,5,0.14,0.29,9.5,0.84,0.41,-0.08,80
936,0,155.532,83.19900000000001,1.8693974687195758,0.571,0.523,0.571,159,0,14,7,7,-0.17,-0.85,13.16,0.57,-0.03,0.24,82
937,0,144.157,80.779,1.7845851025637853,0.051,0.255,0.051,123,-1,13,6,7,-0.16,-0.58,12.24,0.63,0.06,0.21,81
938,0,159.299,86.481,1.8420115401070758,0.689,0.669,0.689,149,1,11,6,5,-0.03,-0.23,10.27,0.69,0.23,0.03,82
939,0,158.509,81.82400000000001,1.937194466171294,0.25,0.226,0.25,133,-4,10,3,7,0.18,0.27,8.97,0.93,0.53,-0.18,79
940,0,153.979,79.222,1.9436393930978773,0.391,0.394,0.391,133,-3,11,4,7,0.09,-0.15,11.26,0.83,0.3,-0.04,82
941,0,155.698,79.983,1.946638660715402,0.177,0.175,0.177,150,-2,12,5,7,-0.13,-0.56,13.3,0.64,0.03,0.16,78
942,0,149.487,80.601,1.8546544087542338,-0.039,0.253,-0.039,142,-2,12,5,7,-0.02,-0.3,12.78,0.77,0.17,0.06,77
943,0,166.795,80.013,2.0845987527026857,0.005,0.176,0.005,145,-2,12,5,7,0.03,-0.11,13.27,0.79,0.15,0.09,81
944,0,178.752,80.31099999999999,2.225747406955461,0.121,0.247,0.121,133,0,12,6,6,0.14,0.01,8.8,0.86,0.48,-0.14,80
945,0,167.02,88.75299999999999,1.8818518810631757,0.825,1.654,0.825,141,-3,11,4,7,0.07,-0.24,11.44,0.84,0.32,-0.08,79
946,0,156.684,81.264,1.9280862374483168,0.632,0.924,0.632,112,-3,11,4,7,0.25,0.44,9.98,0.96,0.5,-0.2,77
947,0,198.364,82.578,2.402141006079101,0.075,0.227,0.075,144,-5,13,4,9,-0.14,-0.51,11.47,0.66,0.11,0.09,77
948,0,154.857,84.97200000000001,1.822447394435814,0.057,0.583,0.057,113,0,10,5,5,0.09,-0.09,11.1,0.78,0.28,-0.09,78
949,0,195.116,87.728,2.224101769104505,0.003,0.248,0.003,151,-5,11,3,8,0.21,0.24,8.52,1.03,0.65,-0.3,79
950,0,162.368,85.291,1.903694410899157,0.283,0.281,0.283,135,-6,16,5,11,-0.14,-0.74,13.32,0.65,0.01,0.21,80
951,0,162.952,83.67699999999999,1.9473929514681456,0.316,0.668,0.316,134,-6,12,3,9,-0.23,-0.84,10.77,0.55,0.05,0.15,76
952,0,171.015,89.04599999999999,1.9205242234350786,1.128,1.419,1.128,135,-6,14,4,10,-0.2,-0.62,12.17,0.58,0.0,0.19,80
953,0,168.834,86.292,1.9565429008482826,0.427,0.428,0.427,140,-4,12,4,8,-0.17,-0.81,11.31,0.61,0.09,0.07,77
954,0,152.98,91.911,1.6644362481095842,-0.209,-0.295,-0.209,135,-2,12,5,7,-0.18,-0.66,11.72,0.6,0.06,0.13,80
955,0,189.668,85.173,2.2268559285219496,0.013,0.084,0.013,168,-4,16,6,10,-0.17,-0.79,12.91,0.67,0.05,0.2,83
956,0,155.007,82.351,1.8822722249881605,0.288,0.296,0.288,144,-3,13,5,8,0.05,-0.22,12.26,0.79,0.22,-0.01,80
957,0,170.111,85.132,1.998202790959921,0.242,0.279,0.242,148,-3,11,4,7,0.19,0.11,9.04,0.92,0.51,-0.23,76
958,0,160.372,83.616,1.9179582854955992,0.02,0.365,0.02,153,-2,12,5,7,0.24,0.34,8.85,0.98,0.58,-0.27,79
959,0,143.381,83.733,1.7123595237242186,0.434,0.415,0.434,117,-3,13,5,8,-0.17,-0.7,13.04,0.59,-0.03,0.2,82
960,0,146.655,84.795,1.7295241464709004,0.142,0.285,0.142,148,-4,10,3,7,-0.05,-0.66,11.02,0.69,0.19,0.04,78
961,0,158.012,84.986,1.8592709387428517,0.596,0.726,0.596,138,-3,13,5,8,0.08,-0.55,12.98,0.88,0.26,-0.04,78
962,0,145.116,81.59,1.7786003186665034,0.797,0.832,0.797,130,-1,13,6,7,0.0,-0.85,15.09,0.84,0.1,0.14,78
963,0,165.421,86.07600000000001,1.92180166364608,0.291,0.423,0.291,139,0,10,5,5,0.2,0.1,11.63,0.91,0.38,-0.17,77
964,0,172.434,82.788,2.0828380924771706,0.458,0.3,0.458,154,0,12,6,6,0.12,-0.37,12.96,0.85,0.24,-0.02,75
965,0,156.202,85.398,1.8291060680578,0.48,0.478,0.48,129,0,10,5,5,0.04,-0.27,12.56,0.76,0.17,0.03,76
966,0,157.99,83.29,1.8968663705126665,0.062,0.013,0.062,127,-1,11,5,6,0.31,0.37,10.44,1.05,0.56,-0.28,76
967,0,154.261,79.536,1.9395116676725004,0.538,0.667,0.538,135,-1,11,5,6,-0.16,-0.72,14.24,0.66,-0.03,0.2,79
968,0,180.12,86.769,2.0758565847249595,-0.046,-0.074,-0.046,148,-4,12,4,8,0.07,-0.16,10.88,0.82,0.32,-0.06,81
969,0,164.444,80.071,2.0537273170061567,0.225,0.297,0.225,130,-4,12,4,8,-0.16,-0.74,11.77,0.64,0.1,0.09,75
970,0,162.202,81.63900000000001,1.986820024743076,-0.026,0.309,-0.026,124,-1,11,5,6,0.15,0.02,9.27,0.91,0.49,-0.19,79
971,0,137.79,75.29,1.83012352238013,0.332,0.325,0.332,126,-3,11,4,7,-0.06,-0.82,13.15,0.72,0.11,0.07,78
972,0,147.073,80.167,1.834582808387491,0.668,1.258,0.668,119,0,12,6,6,0.03,-0.59,13.25,0.83,0.2,-0.04,78
973,0,146.847,82.65299999999999,1.776668723458314,0.327,0.361,0.327,120,-2,14,6,8,-0.09,-0.87,14.39,0.69,-0.01,0.18,82
974,0,168.282,83.818,2.007707175069794,0.298,0.308,0.298,148,-2,10,4,6,-0.08,-0.49,9.48,0.67,0.26,-0.01,76
975,0,160.662,87.34100000000001,1.839479740328139,0.791,0.771,0.791,146,0,12,6,6,0.2,0.01,11.46,0.92,0.4,-0.15,77
976,0,174.048,83.49000000000001,2.0846568451311533,0.165,0.231,0.165,134,-3,9,3,6,-0.02,0.0,9.57,0.76,0.32,-0.1,81
977,0,152.074,82.931,1.833741303010937,0.426,0.434,0.426,136,-4,12,4,8,-0.09,-0.68,10.66,0.64,0.15,0.11,79
978,0,169.906,90.326,1.8810309324004164,0.304,0.82,0.304,124,1,7,4,3,0.2,0.23,9.43,0.92,0.49,-0.28,73
979,0,144.231,77.899,1.8515128563909677,0.453,0.412,0.453,121,-6,12,3,9,-0.14,-0.57,9.96,0.62,0.16,0.11,77
980,0,153.112,82.001,1.8671967415031523,0.401,0.429,0.401,120,-2,10,4,6,0.13,0.01,8.53,0.87,0.49,-0.24,77
981,0,144.885,80.02000000000001,1.8106098475381152,0.391,0.361,0.391,120,-2,14,6,8,0.02,-0.93,13.35,0.81,0.17,0.01,78
982,0,153.554,84.761,1.8116114722572882,0.233,0.672,0.233,133,-3,13,5,8,-0.02,-0.82,12.89,0.81,0.19,0.07,79
983,0,155.277,82.16699999999999,1.889773266639892,0.185,0.426,0.185,132,-2,12,5,7,0.2,-0.05,12.46,0.89,0.31,-0.12,74
984,0,171.414,86.952,1.971363510902567,0.385,0.479,0.385,151,-5,13,4,9,-0.25,-0.95,10.96,0.47,-0.02,0.22,78
985,0,161.412,79.236,2.0371043465091625,0.39,0.388,0.39,138,0,12,6,6,0.12,-0.24,12.28,0.91,0.32,-0.15,75
986,0,154.905,81.423,1.902472274418776,0.493,0.466,0.493,119,2,8,5,3,0.28,0.05,9.35,1.02,0.6,-0.35,72
987,0,175.801,82.07400000000001,2.1419816263372073,-0.021,0.051,-0.021,158,-1,13,6,7,0.18,0.12,11.18,0.92,0.4,-0.14,79
988,0,157.329,77.664,2.025764833127318,0.36,0.381,0.36,160,-7,11,2,9,0.09,0.03,8.74,0.81,0.41,-0.14,80
989,0,155.459,82.30199999999999,1.8888848387645503,0.011,0.223,0.011,137,2,10,6,4,0.21,0.24,10.77,0.97,0.47,-0.13,79
990,0,156.74,81.81,1.9159027013812493,-0.021,0.008,-0.021,141,-3,17,7,10,-0.14,-0.73,11.86,0.61,0.06,0.15,80
991,0,159.624,85.487,1.8672312749306912,0.349,0.425,0.349,141,-2,12,5,7,0.06,-0.26,11.81,0.81,0.26,-0.02,82
992,0,151.073,85.191,1.7733446021293329,0.879,0.833,0.879,137,-1,13,6,7,0.2,0.11,12.34,0.93,0.35,-0.14,78
993,0,131.553,78.086,1.6847194119304356,0.719,0.568,0.719,106,-1,11,5,6,-0.01,-0.4,12.84,0.72,0.12,0.04,78
994,0,118.644,73.915,1.605141040384225,0.259,0.254,0.259,111,-1,7,3,4,0.1,0.01,9.49,0.85,0.43,-0.11,78
995,0,152.366,75.839,2.0090718495760758,0.108,0.612,0.108,135,0,10,5,5,0.12,0.04,10.53,0.91,0.42,-0.13,80
996,0,176.6,78.046,2.2627681111139584,0.239,0.462,0.239,153,-1,13,6,7,0.25,0.15,10.75,1.02,0.54,-0.22,78
997,0,179.106,81.393,2.200508643249419,0.705,1.139,0.705,159,-1,13,6,7,0.16,-0.23,11.88,0.93,0.37,-0.15,79
998,0,181.579,76.661,2.3685968093293854,0.473,1.273,0.473,159,0,12,6,6,0.16,-0.04,8.75,0.96,0.57,-0.23,81
999,0,141.751,73.94,1.9171084663240467,0.426,0.454,0.426,127,1,7,4,3,0.35,0.71,7.64,1.06,0.73,-0.45,74
1000,0,166.887,77.503,2.15329729171774,0.463,1.025,0.463,154,-2,14,6,8,0.16,-0.17,10.61,1.07,0.57,-0.29,76
1001,0,133.685,72.53800000000001,1.8429650665857893,0.571,0.571,0.571,117,2,8,5,3,0.21,0.31,9.3,0.95,0.53,-0.24,80
1002,0,147.231,77.043,1.9110237140298272,0.071,0.766,0.071,106,0,8,4,4,0.23,0.18,8.83,1.04,0.63,-0.36,76
1003,0,162.427,81.041,2.0042571044286226,0.404,0.402,0.404,137,-1,7,3,4,0.15,0.19,7.34,0.93,0.62,-0.3,79
1004,0,156.606,81.13,1.9303093800073956,0.468,0.374,0.468,132,3,9,6,3,0.25,-0.04,9.22,0.98,0.57,-0.3,79
1005,0,185.824,80.43900000000001,2.310123198945785,0.681,0.852,0.681,160,0,14,7,7,0.01,-0.12,9.49,0.79,0.35,-0.06,78
1006,0,148.128,79.045,1.8739705231197417,0.867,0.922,0.867,123,-2,12,5,7,0.09,-0.05,9.83,0.84,0.39,-0.15,79
1007,0,147.387,81.261,1.8137482925388564,0.451,0.477,0.451,131,-3,7,2,5,0.3,0.61,7.85,1.0,0.65,-0.38,77
1008,0,154.895,81.482,1.900971993814585,0.647,0.86,0.647,137,2,16,9,7,0.04,-0.31,12.14,0.78,0.21,0.04,78
1009,0,160.081,86.718,1.8459950644618186,0.937,0.844,0.937,138,-2,10,4,6,0.17,0.14,8.85,0.9,0.5,-0.19,80
1010,0,145.864,79.495,1.83488269702497,0.729,0.694,0.729,118,-1,15,7,8,0.08,-0.26,14.04,0.85,0.18,0.01,77
1011,0,168.632,79.735,2.114905624882423,0.144,0.604,0.144,140,0,10,5,5,0.14,-0.07,10.34,0.93,0.45,-0.16,79
1012,0,140.089,80.822,1.733302813590359,0.308,0.636,0.308,123,-2,10,4,6,0.15,0.15,10.32,0.84,0.38,-0.12,81
1013,0,152.279,78.469,1.940626234563968,1.399,1.746,1.399,123,-2,10,4,6,0.32,0.45,10.35,1.07,0.59,-0.37,77
1014,0,168.488,83.22999999999999,2.0243662141054912,0.234,0.232,0.234,156,-2,14,6,8,-0.01,-0.75,11.91,0.75,0.19,0.04,79
1015,0,170.116,85.33500000000001,1.9935079392980606,0.394,0.407,0.394,144,-4,12,4,8,0.09,-0.09,10.05,0.84,0.38,-0.1,81
1016,0,137.42,79.83500000000001,1.7213001816246003,0.21,0.206,0.21,121,-1,9,4,5,0.05,-0.22,9.01,0.7,0.31,-0.06,81
1017,0,139.36,84.287,1.6533985074803945,0.678,0.646,0.678,140,0,12,6,6,0.13,0.1,10.47,0.84,0.37,-0.08,81
1018,0,157.234,83.155,1.8908544284769406,0.165,0.249,0.165,143,-4,12,4,8,0.0,-0.39,10.79,0.83,0.32,0.03,81
1019,0,146.407,76.431,1.9155447396998602,0.342,0.453,0.342,129,-3,11,4,7,0.04,-0.1,9.88,0.76,0.29,0.02,76
1020,0,139.473,83.45500000000001,1.6712359954466478,0.333,0.493,0.333,124,-1,11,5,6,0.06,-0.31,10.67,0.75,0.28,-0.05,79
1021,0,162.846,86.537,1.8818077816425343,-0.062,0.258,-0.062,133,0,12,6,6,0.14,-0.11,10.97,0.8,0.31,-0.06,82
1022,0,132.248,72.61000000000001,1.8213469219115819,0.438,0.444,0.438,118,1,13,7,6,0.09,-0.27,12.75,0.87,0.26,-0.02,76
1023,0,172.502,77.423,2.2280459295041526,0.621,0.586,0.621,164,-1,17,8,9,0.09,-0.19,12.2,0.84,0.27,0.01,79
1024,0,148.132,76.403,1.9388243917123673,0.282,0.271,0.282,138,-1,13,6,7,0.04,-0.57,13.61,0.81,0.16,0.07,75
1025,0,135.846,78.25200000000001,1.7360067474313754,0.44,0.502,0.44,124,1,11,6,5,0.05,-0.43,9.55,0.75,0.34,-0.12,78
1026,0,159.646,77.845,2.0508189350632664,0.465,0.784,0.465,139,-4,12,4,8,0.14,0.18,10.02,0.93,0.46,-0.15,77
1027,0,136.318,75.75,1.7995775577557758,0.083,0.092,0.083,139,-3,13,5,8,0.17,0.09,11.21,0.89,0.37,-0.1,80
1028,0,155.598,80.027,1.9443187924075627,0.512,1.387,0.512,118,-1,9,4,5,0.29,0.12,9.33,1.07,0.64,-0.35,76
1029,0,159.964,84.182,1.9002161982371528,0.27,0.412,0.27,154,-3,13,5,8,0.05,-0.04,11.57,0.76,0.22,0.07,81
1030,0,158.276,81.67499999999998,1.9378757269666367,0.093,0.128,0.093,130,1,9,5,4,0.21,0.51,7.96,0.97,0.61,-0.15,83
1031,0,163.951,83.22500000000001,1.9699729648543103,0.309,0.301,0.309,139,-6,12,3,9,-0.15,-0.83,12.25,0.66,0.09,0.12,81
1032,0,171.124,84.60900000000001,2.022527154321644,0.394,0.518,0.394,162,-1,19,9,10,-0.18,-1.16,15.97,0.61,-0.16,0.38,83
1033,0,158.891,81.78,1.9429078014184396,0.323,0.278,0.323,147,2,12,7,5,0.15,-0.31,10.23,0.89,0.43,-0.18,79
1034,0,175.454,83.81,2.0934733325378834,0.479,0.722,0.479,177,-2,14,6,8,0.08,-0.46,12.47,0.88,0.3,-0.02,82
1035,0,162.05,84.52099999999999,1.9172749967463711,0.355,0.554,0.355,139,2,12,7,5,0.13,-0.06,11.43,0.88,0.35,-0.04,82
1036,0,153.334,85.791,1.7872970358196083,0.287,0.68,0.287,136,-1,15,7,8,0.1,-0.16,12.23,0.83,0.27,-0.06,79
1037,0,171.269,89.115,1.9218874488021098,1.025,1.058,1.025,148,0,12,6,6,0.07,-0.17,10.76,0.77,0.28,-0.03,81
1038,0,148.01,84.66300000000001,1.74822531684443,0.887,0.884,0.887,130,-1,13,6,7,0.08,-0.25,12.83,0.83,0.23,-0.01,79
1039,0,163.802,86.614,1.891172327799201,0.196,0.474,0.196,142,-1,15,7,8,0.15,-0.07,11.49,0.98,0.43,-0.13,78
1040,0,169.146,82.953,2.039058261907345,0.43,1.245,0.43,142,-2,12,5,7,0.05,-0.25,10.88,0.8,0.28,-0.04,74
1041,0,198.166,88.775,2.2322275415375947,0.515,0.644,0.515,166,0,14,7,7,0.2,-0.1,9.69,0.96,0.52,-0.19,78
1042,0,164.899,84.786,1.9448847687118156,0.264,0.521,0.264,139,3,15,9,6,0.09,-0.21,12.86,0.88,0.26,0.04,81
1043,0,156.529,85.267,1.8357512284940247,0.29,0.255,0.29,127,-3,11,4,7,0.09,-0.05,11.91,0.84,0.28,0.03,80
1044,0,170.088,85.531,1.988612316002385,0.944,1.222,0.944,117,1,11,6,5,0.25,0.14,9.72,0.98,0.54,-0.31,75
1045,0,173.045,81.87199999999999,2.113604162595271,0.301,0.3,0.301,143,-2,12,5,7,0.16,0.25,8.05,0.9,0.53,-0.12,82
1046,0,194.004,83.434,2.325239111153726,0.452,0.43,0.452,159,0,12,6,6,0.26,0.7,7.68,0.94,0.6,-0.25,80
1047,0,170.043,84.11500000000001,2.0215538251203706,0.776,0.644,0.776,128,0,12,6,6,0.11,-0.03,10.75,0.82,0.33,-0.11,78
1048,0,169.346,87.083,1.944650505839257,0.621,0.671,0.621,137,1,9,5,4,0.28,0.51,8.08,0.99,0.63,-0.26,81
1049,0,157.321,81.27199999999999,1.9357343242445124,0.067,0.278,0.067,130,0,14,7,7,0.12,-0.15,11.13,0.85,0.34,-0.09,75
1050,0,174.769,86.946,2.0100867204931796,0.387,0.4,0.387,163,3,9,6,3,0.26,0.1,8.06,1.02,0.66,-0.26,80
1051,0,147.999,82.95400000000001,1.7841092653759913,0.463,0.494,0.463,128,-1,11,5,6,0.1,-0.15,10.5,0.82,0.34,-0.13,78
1052,0,142.575,80.044,1.7812078356903702,0.173,0.112,0.173,113,0,10,5,5,0.21,0.06,11.05,0.92,0.41,-0.18,77
1053,0,146.663,82.068,1.7870911926694937,0.194,0.199,0.194,124,-1,11,5,6,0.15,-0.15,10.78,0.85,0.36,-0.18,77
1054,0,167.438,80.79,2.072508973882906,0.472,0.367,0.472,140,3,9,6,3,0.27,-0.02,9.11,0.9,0.51,-0.27,76
